channel_id,channel_name,priority_score,simulated_tier,recent_video_count_48h,recent_video_count_7d,ranking_count_7d,ranking_count_30d,estimated_daily_refreshes,estimated_weekly_refreshes,risk_flag,reason_summary
UCpOWAKe4ZYtWP9Ir3Nol0YQ,UCpOWAKe4ZYtWP9Ir3Nol0YQ,20,active,0,0,0,3,6.0,42.0,False,+10: ranking_appearance_30d; +10: rankable_rate_high; no_upload_7d; growth_7d_lt_10000
UCSm6bs3ugHILuSehrmgnZdQ,UCSm6bs3ugHILuSehrmgnZdQ,20,active,0,0,0,3,6.0,42.0,False,+10: ranking_appearance_30d; +10: rankable_rate_high; no_upload_7d; growth_7d_lt_10000
UCH6-OKXE6CObZIkTqSeMrgA,UCH6-OKXE6CObZIkTqSeMrgA,20,active,0,0,0,3,6.0,42.0,False,+10: ranking_appearance_30d; +10: rankable_rate_high; no_upload_7d; growth_7d_lt_10000
UCzjmaAu5jd6vrGPaP2BTMVg,UCzjmaAu5jd6vrGPaP2BTMVg,20,active,0,0,0,3,6.0,42.0,False,+10: ranking_appearance_30d; +10: rankable_rate_high; no_upload_7d; growth_7d_lt_10000
UCK2fgnE2wbFGzCcEcKrcW3A,UCK2fgnE2wbFGzCcEcKrcW3A,20,active,0,0,0,3,6.0,42.0,False,+10: ranking_appearance_30d; +10: rankable_rate_high; no_upload_7d; growth_7d_lt_10000
UCL5a-LgFiN0v43r1JT_8_FA,UCL5a-LgFiN0v43r1JT_8_FA,20,active,0,0,0,3,6.0,42.0,False,+10: ranking_appearance_30d; +10: rankable_rate_high; no_upload_7d; growth_7d_lt_10000
UCPfo9buZTcr131erx6PEEPw,UCPfo9buZTcr131erx6PEEPw,20,active,0,0,0,3,6.0,42.0,False,+10: ranking_appearance_30d; +10: rankable_rate_high; no_upload_7d; growth_7d_lt_10000
UC-PzhxFaPulWcgsZ-kH45FA,UC-PzhxFaPulWcgsZ-kH45FA,20,active,0,0,0,3,6.0,42.0,False,+10: ranking_appearance_30d; +10: rankable_rate_high; no_upload_7d; growth_7d_lt_10000
UCdkBE0xDVwo4HFGI5j3thxg,UCdkBE0xDVwo4HFGI5j3thxg,20,active,0,0,0,3,6.0,42.0,False,+10: ranking_appearance_30d; +10: rankable_rate_high; no_upload_7d; no_upload_14d; growth_7d_lt_10000
UC5EbJoRnqfwo9-wBEAkcdcQ,UC5EbJoRnqfwo9-wBEAkcdcQ,20,active,0,0,0,3,6.0,42.0,False,+10: ranking_appearance_30d; +10: rankable_rate_high; no_upload_7d; growth_7d_lt_10000
UCyJOgJhgfoVRpFjsBCUmuvg,UCyJOgJhgfoVRpFjsBCUmuvg,20,active,0,0,0,3,6.0,42.0,False,+10: ranking_appearance_30d; +10: rankable_rate_high; no_upload_7d; growth_7d_lt_10000
UCqj032nWZQxulUSb4pcwA0w,UCqj032nWZQxulUSb4pcwA0w,20,active,0,0,0,3,6.0,42.0,False,+10: ranking_appearance_30d; +10: rankable_rate_high; no_upload_7d; growth_7d_lt_10000
UC4b4c16GjiWvf_T7pJfggRA,UC4b4c16GjiWvf_T7pJfggRA,20,active,0,0,0,3,6.0,42.0,False,+10: ranking_appearance_30d; +10: rankable_rate_high; no_upload_7d; growth_7d_lt_10000
UCdJ_xWoYD45N7XBINJACc4g,UCdJ_xWoYD45N7XBINJACc4g,20,active,0,0,0,6,6.0,42.0,False,+10: ranking_appearance_30d; +10: rankable_rate_high; no_upload_7d; growth_7d_lt_10000
UCJm6yDoXLDLAL1ZrQO4OIOA,UCJm6yDoXLDLAL1ZrQO4OIOA,20,active,0,0,0,3,6.0,42.0,False,+10: ranking_appearance_30d; +10: rankable_rate_high; no_upload_7d; growth_7d_lt_10000
UCPVx_m_ocn8CtK0_qWvCuKg,UCPVx_m_ocn8CtK0_qWvCuKg,20,active,0,0,0,3,6.0,42.0,False,+10: ranking_appearance_30d; +10: rankable_rate_high; no_upload_7d; growth_7d_lt_10000
UC9ceGSBsg3tCYFK63rJ5Gwg,UC9ceGSBsg3tCYFK63rJ5Gwg,20,active,0,0,0,3,6.0,42.0,False,+10: ranking_appearance_30d; +10: rankable_rate_high; no_upload_7d; growth_7d_lt_10000
UCcatXx1QF-osixrQihNkq6g,UCcatXx1QF-osixrQihNkq6g,20,active,0,0,0,3,6.0,42.0,False,+10: ranking_appearance_30d; +10: rankable_rate_high; no_upload_7d; growth_7d_lt_10000
UChMb_Kwe4KtVdY7axU8zJ6g,UChMb_Kwe4KtVdY7axU8zJ6g,20,active,0,0,0,6,6.0,42.0,False,+10: ranking_appearance_30d; +10: rankable_rate_high; no_upload_7d; growth_7d_lt_10000
UCuP6xGwe8395HZhcTJ-ix5A,UCuP6xGwe8395HZhcTJ-ix5A,20,active,0,0,0,3,6.0,42.0,False,+10: ranking_appearance_30d; +10: rankable_rate_high; no_upload_7d; growth_7d_lt_10000
UCNWBvsTlii-Y31hoVpMFa8A,UCNWBvsTlii-Y31hoVpMFa8A,20,active,0,0,0,3,6.0,42.0,False,+10: ranking_appearance_30d; +10: rankable_rate_high; no_upload_7d; growth_7d_lt_10000
UCsgR8QwGpU_dvmzvYgvil1Q,UCsgR8QwGpU_dvmzvYgvil1Q,20,active,0,0,0,9,6.0,42.0,False,+10: ranking_appearance_30d; +10: rankable_rate_high; no_upload_7d; growth_7d_lt_10000; observation_sufficient
UCq9FsckFQ897PviHvQAtaRw,UCq9FsckFQ897PviHvQAtaRw,20,active,0,0,0,3,6.0,42.0,False,+10: ranking_appearance_30d; +10: rankable_rate_high; no_upload_7d; growth_7d_lt_10000
UCsqTKQDNPIBLLljx8uBKBZA,UCsqTKQDNPIBLLljx8uBKBZA,20,active,0,0,0,9,6.0,42.0,False,+10: ranking_appearance_30d; +10: rankable_rate_high; no_upload_7d; growth_7d_lt_10000; observation_sufficient
UCYUfg7sYVhsRq8HRbJCmG-A,UCYUfg7sYVhsRq8HRbJCmG-A,20,active,0,0,0,3,6.0,42.0,False,+10: ranking_appearance_30d; +10: rankable_rate_high; no_upload_7d; growth_7d_lt_10000
UClgYDMn0OZdTj5W1Ut2_xpw,UClgYDMn0OZdTj5W1Ut2_xpw,20,active,0,0,0,3,6.0,42.0,False,+10: ranking_appearance_30d; +10: rankable_rate_high; no_upload_7d; growth_7d_lt_10000
UCvdGYpTcosx7eIuXZhs4riQ,UCvdGYpTcosx7eIuXZhs4riQ,20,active,0,0,0,3,6.0,42.0,False,+10: ranking_appearance_30d; +10: rankable_rate_high; no_upload_7d; growth_7d_lt_10000
UCZEHWjZpMMhZVM4QPaB4xkw,UCZEHWjZpMMhZVM4QPaB4xkw,20,active,0,0,0,3,6.0,42.0,False,+10: ranking_appearance_30d; +10: rankable_rate_high; no_upload_7d; growth_7d_lt_10000
UC7usDKymovMSPqCg--kNO1Q,UC7usDKymovMSPqCg--kNO1Q,20,active,0,0,0,6,6.0,42.0,False,+10: ranking_appearance_30d; +10: rankable_rate_high; no_upload_7d; growth_7d_lt_10000
UCsBbRTlhbHeDdzKxAT0U89Q,UCsBbRTlhbHeDdzKxAT0U89Q,20,active,0,0,0,6,6.0,42.0,False,+10: ranking_appearance_30d; +10: rankable_rate_high; no_upload_7d; growth_7d_lt_10000
UCvv1Ou0jHk3jD5hxYJJgyiA,UCvv1Ou0jHk3jD5hxYJJgyiA,20,active,0,0,0,3,6.0,42.0,False,+10: ranking_appearance_30d; +10: rankable_rate_high; no_upload_7d; growth_7d_lt_10000
UCj3WDrTeNUlGQaqp5ICWRSg,UCj3WDrTeNUlGQaqp5ICWRSg,20,active,0,0,0,3,6.0,42.0,False,+10: ranking_appearance_30d; +10: rankable_rate_high; no_upload_7d; growth_7d_lt_10000
UCPUh2V-c25EB5t-w2cioXXA,UCPUh2V-c25EB5t-w2cioXXA,20,active,0,0,0,3,6.0,42.0,False,+10: ranking_appearance_30d; +10: rankable_rate_high; no_upload_7d; growth_7d_lt_10000
UCEazK0zQwlqyf57PUFZpJvg,UCEazK0zQwlqyf57PUFZpJvg,20,active,0,0,0,6,6.0,42.0,False,+10: ranking_appearance_30d; +10: rankable_rate_high; no_upload_7d; growth_7d_lt_10000
UClcMHz6g52n0tmZ8QFt8uCA,UClcMHz6g52n0tmZ8QFt8uCA,20,active,0,0,0,3,6.0,42.0,False,+10: ranking_appearance_30d; +10: rankable_rate_high; no_upload_7d; growth_7d_lt_10000
UC_T8F2CvqZOwa2kme0WwRhg,UC_T8F2CvqZOwa2kme0WwRhg,20,active,0,0,0,3,6.0,42.0,False,+10: ranking_appearance_30d; +10: rankable_rate_high; no_upload_7d; growth_7d_lt_10000
UCag0iZHAsWKj4llltQUMK4w,UCag0iZHAsWKj4llltQUMK4w,20,active,0,0,0,3,6.0,42.0,False,+10: ranking_appearance_30d; +10: rankable_rate_high; no_upload_7d; growth_7d_lt_10000
UC6THVNFuKuE-KgBLlz1CnAA,UC6THVNFuKuE-KgBLlz1CnAA,20,active,0,0,0,6,6.0,42.0,False,+10: ranking_appearance_30d; +10: rankable_rate_high; no_upload_7d; growth_7d_lt_10000
UCPz8Qzmvi4JzA0MM62aoTJg,UCPz8Qzmvi4JzA0MM62aoTJg,20,active,0,0,0,3,6.0,42.0,False,+10: ranking_appearance_30d; +10: rankable_rate_high; no_upload_7d; growth_7d_lt_10000
UCQj7ECOTtJFDkfd-Yd5a_2A,UCQj7ECOTtJFDkfd-Yd5a_2A,20,active,0,0,0,3,6.0,42.0,False,+10: ranking_appearance_30d; +10: rankable_rate_high; no_upload_7d; growth_7d_lt_10000
UCrbe4QP9D0Un8Jo5Lr2Wk0w,UCrbe4QP9D0Un8Jo5Lr2Wk0w,20,active,0,0,0,3,6.0,42.0,False,+10: ranking_appearance_30d; +10: rankable_rate_high; no_upload_7d; no_upload_14d; growth_7d_lt_10000
UCz9HKs_mEFNf-ltKWYrNQXw,UCz9HKs_mEFNf-ltKWYrNQXw,20,active,0,0,0,3,6.0,42.0,False,+10: ranking_appearance_30d; +10: rankable_rate_high; no_upload_7d; growth_7d_lt_10000
UCmaWBOur9YCgJgiVnec4rCw,UCmaWBOur9YCgJgiVnec4rCw,20,active,0,0,0,3,6.0,42.0,False,+10: ranking_appearance_30d; +10: rankable_rate_high; no_upload_7d; growth_7d_lt_10000
UCHC4VuA5SoItXWMCtzjBHyg,UCHC4VuA5SoItXWMCtzjBHyg,20,active,0,0,0,6,6.0,42.0,False,+10: ranking_appearance_30d; +10: rankable_rate_high; no_upload_7d; growth_7d_lt_10000
UCWoHwdGbbqwzoiBevpldOQQ,UCWoHwdGbbqwzoiBevpldOQQ,20,active,0,0,0,3,6.0,42.0,False,+10: ranking_appearance_30d; +10: rankable_rate_high; no_upload_7d; growth_7d_lt_10000
UC_qcP_e9Rp02E3n3Z1v98NA,UC_qcP_e9Rp02E3n3Z1v98NA,20,active,0,0,0,3,6.0,42.0,False,+10: ranking_appearance_30d; +10: rankable_rate_high; no_upload_7d; no_upload_14d; growth_7d_lt_10000
UCAjWC-u4DcVa-wYxXKXjy1w,UCAjWC-u4DcVa-wYxXKXjy1w,20,active,0,0,0,6,6.0,42.0,False,+10: ranking_appearance_30d; +10: rankable_rate_high; no_upload_7d; growth_7d_lt_10000
UCcC2iASzr8hxAlEuSzhBNpg,UCcC2iASzr8hxAlEuSzhBNpg,20,active,0,0,0,6,6.0,42.0,False,+10: ranking_appearance_30d; +10: rankable_rate_high; no_upload_7d; growth_7d_lt_10000
UC8j2Hrko3VbtyGCOsB9r0WA,UC8j2Hrko3VbtyGCOsB9r0WA,20,active,0,0,0,3,6.0,42.0,False,+10: ranking_appearance_30d; +10: rankable_rate_high; no_upload_7d; growth_7d_lt_10000
UC_3Dd01ZO9_CEJiFnYwOVVQ,UC_3Dd01ZO9_CEJiFnYwOVVQ,20,active,0,0,0,3,6.0,42.0,False,+10: ranking_appearance_30d; +10: rankable_rate_high; no_upload_7d; growth_7d_lt_10000
UCI82J2iGf72V0VHaMPKfbDw,UCI82J2iGf72V0VHaMPKfbDw,20,active,0,0,0,3,6.0,42.0,False,+10: ranking_appearance_30d; +10: rankable_rate_high; no_upload_7d; growth_7d_lt_10000
UCWJ_gaUtzGbXQkU6yJtQ22A,UCWJ_gaUtzGbXQkU6yJtQ22A,20,active,0,0,0,3,6.0,42.0,False,+10: ranking_appearance_30d; +10: rankable_rate_high; no_upload_7d; growth_7d_lt_10000
UC1Eh5KlqL7oOCz1MuvpJ-vA,UC1Eh5KlqL7oOCz1MuvpJ-vA,20,active,0,0,0,9,6.0,42.0,False,+10: ranking_appearance_30d; +10: rankable_rate_high; no_upload_7d; growth_7d_lt_10000; observation_sufficient
UClF9QRX6mrUpm3z5vOUR0Rw,UClF9QRX6mrUpm3z5vOUR0Rw,20,active,0,0,0,3,6.0,42.0,False,+10: ranking_appearance_30d; +10: rankable_rate_high; no_upload_7d; growth_7d_lt_10000
UCoJWrkhWBNaIq5nUhywlypg,UCoJWrkhWBNaIq5nUhywlypg,20,active,0,0,0,6,6.0,42.0,False,+10: ranking_appearance_30d; +10: rankable_rate_high; no_upload_7d; growth_7d_lt_10000
UCqd0XUtNr_yQ5nqoiPsPw5g,UCqd0XUtNr_yQ5nqoiPsPw5g,20,active,0,0,0,9,6.0,42.0,False,+10: ranking_appearance_30d; +10: rankable_rate_high; no_upload_7d; growth_7d_lt_10000; observation_sufficient
UCi3OmB8dXVghuG9D3vctkkA,UCi3OmB8dXVghuG9D3vctkkA,20,active,0,0,0,6,6.0,42.0,False,+10: ranking_appearance_30d; +10: rankable_rate_high; no_upload_7d; growth_7d_lt_10000
UCbD3nlSc93VBsIovckmwxsA,UCbD3nlSc93VBsIovckmwxsA,20,active,0,0,0,3,6.0,42.0,False,+10: ranking_appearance_30d; +10: rankable_rate_high; no_upload_7d; growth_7d_lt_10000
UCAMqZUgn108BphHwPlBR7mw,UCAMqZUgn108BphHwPlBR7mw,20,active,0,0,0,9,6.0,42.0,False,+10: ranking_appearance_30d; +10: rankable_rate_high; no_upload_7d; growth_7d_lt_10000; observation_sufficient
UCXtqlt9IrVPRD9NO_j7C_Mg,UCXtqlt9IrVPRD9NO_j7C_Mg,20,active,0,0,0,3,6.0,42.0,False,+10: ranking_appearance_30d; +10: rankable_rate_high; no_upload_7d; growth_7d_lt_10000
UCKU784Kp23nQ6Uii4_l-1NQ,UCKU784Kp23nQ6Uii4_l-1NQ,20,active,0,0,0,3,6.0,42.0,False,+10: ranking_appearance_30d; +10: rankable_rate_high; no_upload_7d; growth_7d_lt_10000
UCS_m9xqKDRFpNt9QT1wM6EQ,UCS_m9xqKDRFpNt9QT1wM6EQ,20,active,0,0,0,3,6.0,42.0,False,+10: ranking_appearance_30d; +10: rankable_rate_high; no_upload_7d; growth_7d_lt_10000
UCEtB40-LCbI0IXogvR2GLKw,UCEtB40-LCbI0IXogvR2GLKw,20,active,0,0,0,3,6.0,42.0,False,+10: ranking_appearance_30d; +10: rankable_rate_high; no_upload_7d; growth_7d_lt_10000
UCK6AEy9iLoe_YBZMeqvqzjQ,UCK6AEy9iLoe_YBZMeqvqzjQ,20,active,0,0,0,3,6.0,42.0,False,+10: ranking_appearance_30d; +10: rankable_rate_high; no_upload_7d; growth_7d_lt_10000
UC3c3eSlsIgNGDDk6pbCQ_3A,UC3c3eSlsIgNGDDk6pbCQ_3A,20,active,0,0,0,6,6.0,42.0,False,+10: ranking_appearance_30d; +10: rankable_rate_high; no_upload_7d; growth_7d_lt_10000
UC0wvZsUk86uSDqbDdf8-UFA,UC0wvZsUk86uSDqbDdf8-UFA,20,active,0,0,0,3,6.0,42.0,False,+10: ranking_appearance_30d; +10: rankable_rate_high; no_upload_7d; growth_7d_lt_10000
UCakT5KYAeJxpGB7a5fGDoLQ,UCakT5KYAeJxpGB7a5fGDoLQ,20,active,0,0,0,3,6.0,42.0,False,+10: ranking_appearance_30d; +10: rankable_rate_high; no_upload_7d; growth_7d_lt_10000
UC0dlDfWk8mTQ7-hYh4hJDOg,UC0dlDfWk8mTQ7-hYh4hJDOg,20,active,0,0,0,3,6.0,42.0,False,+10: ranking_appearance_30d; +10: rankable_rate_high; no_upload_7d; growth_7d_lt_10000
UCBFwcFsinFsgnWzQDdow-gQ,UCBFwcFsinFsgnWzQDdow-gQ,20,active,0,0,0,3,6.0,42.0,False,+10: ranking_appearance_30d; +10: rankable_rate_high; no_upload_7d; growth_7d_lt_10000
UCAHwaUO0qv9R6pL1F6-EaIQ,UCAHwaUO0qv9R6pL1F6-EaIQ,20,active,0,0,0,3,6.0,42.0,False,+10: ranking_appearance_30d; +10: rankable_rate_high; no_upload_7d; growth_7d_lt_10000
UCa7xjuC1t1x_jz4Q-ILiqzA,UCa7xjuC1t1x_jz4Q-ILiqzA,20,active,0,0,0,3,6.0,42.0,False,+10: ranking_appearance_30d; +10: rankable_rate_high; no_upload_7d; growth_7d_lt_10000
UCVLUks_m2UoDTn19GM2sfCQ,UCVLUks_m2UoDTn19GM2sfCQ,20,active,0,0,0,3,6.0,42.0,False,+10: ranking_appearance_30d; +10: rankable_rate_high; no_upload_7d; growth_7d_lt_10000
UC1SiFqniQIkuT4nblP3aV4w,UC1SiFqniQIkuT4nblP3aV4w,20,active,0,0,0,12,6.0,42.0,False,+10: ranking_appearance_30d; +10: rankable_rate_high; no_upload_7d; growth_7d_lt_10000; observation_sufficient
UCLr8eiwiNw9_w_YOX4Y6i5g,UCLr8eiwiNw9_w_YOX4Y6i5g,20,active,0,0,0,27,6.0,42.0,False,+10: ranking_appearance_30d; +10: rankable_rate_high; no_upload_7d; growth_7d_lt_10000; observation_sufficient
UCtEO2zRYcGMWzjAtFfmYbdQ,UCtEO2zRYcGMWzjAtFfmYbdQ,20,active,0,0,0,3,6.0,42.0,False,+10: ranking_appearance_30d; +10: rankable_rate_high; no_upload_7d; growth_7d_lt_10000
UCINYsMcbuwmobYpQYlxGCTg,UCINYsMcbuwmobYpQYlxGCTg,20,active,0,0,0,3,6.0,42.0,False,+10: ranking_appearance_30d; +10: rankable_rate_high; no_upload_7d; no_upload_14d; growth_7d_lt_10000
UCQVr5FEGzX3eYT5swGdFQdA,UCQVr5FEGzX3eYT5swGdFQdA,20,active,0,0,0,9,6.0,42.0,False,+10: ranking_appearance_30d; +10: rankable_rate_high; no_upload_7d; growth_7d_lt_10000; observation_sufficient
UCAy76-me2Ca0WvzXw6WDbXQ,UCAy76-me2Ca0WvzXw6WDbXQ,20,active,0,0,0,3,6.0,42.0,False,+10: ranking_appearance_30d; +10: rankable_rate_high; no_upload_7d; growth_7d_lt_10000
UCGLw-gleKTCScnLrn2uRLVw,UCGLw-gleKTCScnLrn2uRLVw,20,active,0,0,0,3,6.0,42.0,False,+10: ranking_appearance_30d; +10: rankable_rate_high; no_upload_7d; growth_7d_lt_10000
UCwpzPKtYok2hTONHNyqPCqw,UCwpzPKtYok2hTONHNyqPCqw,20,active,0,0,0,3,6.0,42.0,False,+10: ranking_appearance_30d; +10: rankable_rate_high; no_upload_7d; growth_7d_lt_10000
UCmcaWjd3HNecmp_7ubgXFYw,UCmcaWjd3HNecmp_7ubgXFYw,20,active,0,0,0,3,6.0,42.0,False,+10: ranking_appearance_30d; +10: rankable_rate_high; no_upload_7d; growth_7d_lt_10000
UCkUUr13dVO1NZzBNC820uBw,UCkUUr13dVO1NZzBNC820uBw,20,active,0,0,0,3,6.0,42.0,False,+10: ranking_appearance_30d; +10: rankable_rate_high; no_upload_7d; growth_7d_lt_10000
UCbKyC8pIf5PFhbNGRB6KxMA,UCbKyC8pIf5PFhbNGRB6KxMA,20,active,0,0,0,3,6.0,42.0,False,+10: ranking_appearance_30d; +10: rankable_rate_high; no_upload_7d; growth_7d_lt_10000
UCpy5BtsYDQvag2zCIiQ5kpQ,UCpy5BtsYDQvag2zCIiQ5kpQ,20,active,0,0,0,3,6.0,42.0,False,+10: ranking_appearance_30d; +10: rankable_rate_high; no_upload_7d; growth_7d_lt_10000
UCrZDRWsJCl_k21egBmeCBfA,UCrZDRWsJCl_k21egBmeCBfA,20,active,0,0,0,3,6.0,42.0,False,+10: ranking_appearance_30d; +10: rankable_rate_high; no_upload_7d; growth_7d_lt_10000
UC1fo3eLz5OHdESToJALBTTg,UC1fo3eLz5OHdESToJALBTTg,20,active,0,0,0,3,6.0,42.0,False,+10: ranking_appearance_30d; +10: rankable_rate_high; no_upload_7d; growth_7d_lt_10000
UCGnjmquLf7QLzHAy_Ouilig,UCGnjmquLf7QLzHAy_Ouilig,20,active,0,0,0,3,6.0,42.0,False,+10: ranking_appearance_30d; +10: rankable_rate_high; no_upload_7d; growth_7d_lt_10000
UCspv01oxUFf_MTSipURRhkA,UCspv01oxUFf_MTSipURRhkA,20,active,0,0,0,3,6.0,42.0,False,+10: ranking_appearance_30d; +10: rankable_rate_high; no_upload_7d; growth_7d_lt_10000
UCb0cQUZ9Vt7VRXliwEk4-IA,UCb0cQUZ9Vt7VRXliwEk4-IA,20,active,0,0,0,3,6.0,42.0,False,+10: ranking_appearance_30d; +10: rankable_rate_high; no_upload_7d; growth_7d_lt_10000
UCb2qQIwjDIEksXPhkEbsI8w,UCb2qQIwjDIEksXPhkEbsI8w,20,active,0,0,0,6,6.0,42.0,False,+10: ranking_appearance_30d; +10: rankable_rate_high; no_upload_7d; growth_7d_lt_10000
UCSWjapiC1YQqj3pKqlydLRQ,UCSWjapiC1YQqj3pKqlydLRQ,20,active,0,0,0,3,6.0,42.0,False,+10: ranking_appearance_30d; +10: rankable_rate_high; no_upload_7d; growth_7d_lt_10000
UCAC9fgoX5gLiSmrCF5bI3YQ,UCAC9fgoX5gLiSmrCF5bI3YQ,20,active,0,0,0,24,6.0,42.0,False,+10: ranking_appearance_30d; +10: rankable_rate_high; no_upload_7d; growth_7d_lt_10000; observation_sufficient
UCqump3GnbDPHHoyzuXrStHg,UCqump3GnbDPHHoyzuXrStHg,20,active,0,0,0,3,6.0,42.0,False,+10: ranking_appearance_30d; +10: rankable_rate_high; no_upload_7d; no_upload_14d; growth_7d_lt_10000
UC_xVf05_rmR1WyCSHzam6Hw,UC_xVf05_rmR1WyCSHzam6Hw,20,active,0,0,0,3,6.0,42.0,False,+10: ranking_appearance_30d; +10: rankable_rate_high; no_upload_7d; growth_7d_lt_10000
UCLtAABfY-m8dR7TBFn_JMGw,UCLtAABfY-m8dR7TBFn_JMGw,20,active,0,0,0,3,6.0,42.0,False,+10: ranking_appearance_30d; +10: rankable_rate_high; no_upload_7d; growth_7d_lt_10000
UCF9XO-mLESCdG5dlulx1ROg,UCF9XO-mLESCdG5dlulx1ROg,20,active,0,0,0,3,6.0,42.0,False,+10: ranking_appearance_30d; +10: rankable_rate_high; no_upload_7d; growth_7d_lt_10000
UCONtwJdE7A68l1eCjf8k4jQ,UCONtwJdE7A68l1eCjf8k4jQ,20,active,0,0,0,3,6.0,42.0,False,+10: ranking_appearance_30d; +10: rankable_rate_high; no_upload_7d; growth_7d_lt_10000
UCRmLuC5DGnSa5gH1lkgaBEA,UCRmLuC5DGnSa5gH1lkgaBEA,20,active,0,0,0,6,6.0,42.0,False,+10: ranking_appearance_30d; +10: rankable_rate_high; no_upload_7d; growth_7d_lt_10000
UCgt9elgH7pg4jGNOl_4ox-A,UCgt9elgH7pg4jGNOl_4ox-A,20,active,0,0,0,6,6.0,42.0,False,+10: ranking_appearance_30d; +10: rankable_rate_high; no_upload_7d; no_upload_14d; growth_7d_lt_10000
UCqiAhrMh4G8v94Hk85S2Glg,UCqiAhrMh4G8v94Hk85S2Glg,20,active,0,0,0,3,6.0,42.0,False,+10: ranking_appearance_30d; +10: rankable_rate_high; no_upload_7d; growth_7d_lt_10000
UCDzw9eaZcx8er7aaHLErbbQ,UCDzw9eaZcx8er7aaHLErbbQ,20,active,0,0,0,3,6.0,42.0,False,+10: ranking_appearance_30d; +10: rankable_rate_high; no_upload_7d; growth_7d_lt_10000
UCxHNrkV8HnoTYPjjFZGaVdg,UCxHNrkV8HnoTYPjjFZGaVdg,20,active,0,0,0,6,6.0,42.0,False,+10: ranking_appearance_30d; +10: rankable_rate_high; no_upload_7d; growth_7d_lt_10000
UCeS1mevEBblI-RPx8YxXivw,UCeS1mevEBblI-RPx8YxXivw,20,active,0,0,0,3,6.0,42.0,False,+10: ranking_appearance_30d; +10: rankable_rate_high; no_upload_7d; growth_7d_lt_10000
UCrbkwXQqptpXVH8TTm_HAww,UCrbkwXQqptpXVH8TTm_HAww,20,active,0,0,0,3,6.0,42.0,False,+10: ranking_appearance_30d; +10: rankable_rate_high; no_upload_7d; growth_7d_lt_10000
UCQB1zRKUnC0j1WUdhw06_KA,UCQB1zRKUnC0j1WUdhw06_KA,20,active,0,0,0,3,6.0,42.0,False,+10: ranking_appearance_30d; +10: rankable_rate_high; no_upload_7d; growth_7d_lt_10000
UC_a5XYtikhwaXbGSAQiGRZw,UC_a5XYtikhwaXbGSAQiGRZw,20,active,0,0,0,3,6.0,42.0,False,+10: ranking_appearance_30d; +10: rankable_rate_high; no_upload_7d; growth_7d_lt_10000
UCr2JtQ2Vjh3z22eF5I8bpiQ,UCr2JtQ2Vjh3z22eF5I8bpiQ,20,active,0,0,0,3,6.0,42.0,False,+10: ranking_appearance_30d; +10: rankable_rate_high; no_upload_7d; growth_7d_lt_10000
UCo4rAMWNOAvK3dpRpvnT2gA,UCo4rAMWNOAvK3dpRpvnT2gA,20,active,0,0,0,3,6.0,42.0,False,+10: ranking_appearance_30d; +10: rankable_rate_high; no_upload_7d; growth_7d_lt_10000
UC1B15OfZhtEczyS_k-tykVQ,UC1B15OfZhtEczyS_k-tykVQ,20,active,0,0,0,3,6.0,42.0,False,+10: ranking_appearance_30d; +10: rankable_rate_high; no_upload_7d; growth_7d_lt_10000
UCn9dBCXDzq9eAXQDLOcUitA,UCn9dBCXDzq9eAXQDLOcUitA,20,active,0,0,0,3,6.0,42.0,False,+10: ranking_appearance_30d; +10: rankable_rate_high; no_upload_7d; growth_7d_lt_10000
UC6JitqZzD5SowjhmMDg6u2g,UC6JitqZzD5SowjhmMDg6u2g,20,active,0,0,0,3,6.0,42.0,False,+10: ranking_appearance_30d; +10: rankable_rate_high; no_upload_7d; growth_7d_lt_10000
UCAvE0oxOXij8iBwju-DhYVg,UCAvE0oxOXij8iBwju-DhYVg,20,active,0,0,0,6,6.0,42.0,False,+10: ranking_appearance_30d; +10: rankable_rate_high; no_upload_7d; growth_7d_lt_10000
UC1GQB6OqVMoFlHhQ9AagtqA,UC1GQB6OqVMoFlHhQ9AagtqA,20,active,0,0,0,3,6.0,42.0,False,+10: ranking_appearance_30d; +10: rankable_rate_high; no_upload_7d; growth_7d_lt_10000
UC69B-jgk1VRUJ7v3uBUqGVA,UC69B-jgk1VRUJ7v3uBUqGVA,20,active,0,0,0,12,6.0,42.0,False,+10: ranking_appearance_30d; +10: rankable_rate_high; no_upload_7d; growth_7d_lt_10000; observation_sufficient
UCfd3SRRvGvPDx8dJoPtuNxw,UCfd3SRRvGvPDx8dJoPtuNxw,20,active,0,0,0,3,6.0,42.0,False,+10: ranking_appearance_30d; +10: rankable_rate_high; no_upload_7d; growth_7d_lt_10000
UCvodEzZOAGdXOxy5fzpE67A,UCvodEzZOAGdXOxy5fzpE67A,20,active,0,0,0,3,6.0,42.0,False,+10: ranking_appearance_30d; +10: rankable_rate_high; no_upload_7d; growth_7d_lt_10000
UCgN34ENzbegaLZtN6FE7IYQ,UCgN34ENzbegaLZtN6FE7IYQ,20,active,0,0,0,3,6.0,42.0,False,+10: ranking_appearance_30d; +10: rankable_rate_high; no_upload_7d; growth_7d_lt_10000
UCSDMf7EBkYZ6M2hWTs9DrlQ,UCSDMf7EBkYZ6M2hWTs9DrlQ,20,active,0,0,0,6,6.0,42.0,False,+10: ranking_appearance_30d; +10: rankable_rate_high; no_upload_7d; growth_7d_lt_10000
UCEAKsbWo_jzQ9kVoyy9lxFg,UCEAKsbWo_jzQ9kVoyy9lxFg,20,active,0,0,0,15,6.0,42.0,False,+10: ranking_appearance_30d; +10: rankable_rate_high; no_upload_7d; growth_7d_lt_10000; observation_sufficient
UCWCLOVePVd0wcxcDRoxAVpQ,UCWCLOVePVd0wcxcDRoxAVpQ,20,active,0,0,0,6,6.0,42.0,False,+10: ranking_appearance_30d; +10: rankable_rate_high; no_upload_7d; growth_7d_lt_10000
UCve_e5k_BPNKKZtFaPJDkJQ,UCve_e5k_BPNKKZtFaPJDkJQ,20,active,0,0,0,3,6.0,42.0,False,+10: ranking_appearance_30d; +10: rankable_rate_high; no_upload_7d; no_upload_14d; growth_7d_lt_10000
UCBywesCGkYUFpDUMEvwKQ0w,UCBywesCGkYUFpDUMEvwKQ0w,20,active,0,0,0,3,6.0,42.0,False,+10: ranking_appearance_30d; +10: rankable_rate_high; no_upload_7d; growth_7d_lt_10000
UCBHdX0U0_86KiobHdrATLyw,UCBHdX0U0_86KiobHdrATLyw,20,active,0,0,0,6,6.0,42.0,False,+10: ranking_appearance_30d; +10: rankable_rate_high; no_upload_7d; growth_7d_lt_10000
UC8z1glQDmfAH9ZQ9GaHT1rQ,UC8z1glQDmfAH9ZQ9GaHT1rQ,20,active,0,0,0,6,6.0,42.0,False,+10: ranking_appearance_30d; +10: rankable_rate_high; no_upload_7d; growth_7d_lt_10000
UCcbKZE6jTVW_SSf1Eokr7yg,UCcbKZE6jTVW_SSf1Eokr7yg,20,active,0,0,0,3,6.0,42.0,False,+10: ranking_appearance_30d; +10: rankable_rate_high; no_upload_7d; growth_7d_lt_10000
UCCXxn0B-_qddOhD1uXJDK3Q,UCCXxn0B-_qddOhD1uXJDK3Q,20,active,0,0,0,3,6.0,42.0,False,+10: ranking_appearance_30d; +10: rankable_rate_high; no_upload_7d; growth_7d_lt_10000
UCb_T8zJlMC8R1S7NIofVrBA,UCb_T8zJlMC8R1S7NIofVrBA,20,active,0,0,0,6,6.0,42.0,False,+10: ranking_appearance_30d; +10: rankable_rate_high; no_upload_7d; growth_7d_lt_10000
UCzZNLAfXDOOCjB8iMZR9J_A,UCzZNLAfXDOOCjB8iMZR9J_A,20,active,0,0,0,3,6.0,42.0,False,+10: ranking_appearance_30d; +10: rankable_rate_high; no_upload_7d; growth_7d_lt_10000
UCFwN6c38xaAR1QpRFDALY3Q,UCFwN6c38xaAR1QpRFDALY3Q,20,active,0,0,0,3,6.0,42.0,False,+10: ranking_appearance_30d; +10: rankable_rate_high; no_upload_7d; growth_7d_lt_10000
UC9IJJHn9oUyWUm1CWJfnY8A,UC9IJJHn9oUyWUm1CWJfnY8A,20,active,0,0,0,3,6.0,42.0,False,+10: ranking_appearance_30d; +10: rankable_rate_high; no_upload_7d; growth_7d_lt_10000
UCfyjn_DDTSZmnmgk7cJJO-Q,UCfyjn_DDTSZmnmgk7cJJO-Q,20,active,0,0,0,9,6.0,42.0,False,+10: ranking_appearance_30d; +10: rankable_rate_high; no_upload_7d; growth_7d_lt_10000; observation_sufficient
UC4YZqnhMYv5GK_WzIVNPkog,UC4YZqnhMYv5GK_WzIVNPkog,20,active,0,0,0,3,6.0,42.0,False,+10: ranking_appearance_30d; +10: rankable_rate_high; no_upload_7d; growth_7d_lt_10000
UCAlIsLV2BGAIo27Vn1rc-JQ,UCAlIsLV2BGAIo27Vn1rc-JQ,20,active,0,0,0,6,6.0,42.0,False,+10: ranking_appearance_30d; +10: rankable_rate_high; no_upload_7d; growth_7d_lt_10000
UCRJLd-MxWv-ARJdz4wzESZA,UCRJLd-MxWv-ARJdz4wzESZA,20,active,0,0,0,3,6.0,42.0,False,+10: ranking_appearance_30d; +10: rankable_rate_high; no_upload_7d; growth_7d_lt_10000
UCMo5WMYsBP2dHWp-ZKBcY0g,UCMo5WMYsBP2dHWp-ZKBcY0g,20,active,0,0,0,3,6.0,42.0,False,+10: ranking_appearance_30d; +10: rankable_rate_high; no_upload_7d; growth_7d_lt_10000
UC9yV6UJNPnnwMKLp3elA28A,UC9yV6UJNPnnwMKLp3elA28A,20,active,0,0,0,12,6.0,42.0,False,+10: ranking_appearance_30d; +10: rankable_rate_high; no_upload_7d; growth_7d_lt_10000; observation_sufficient
UCcNCjyVhmwABoZTwR9Ah4TA,UCcNCjyVhmwABoZTwR9Ah4TA,20,active,0,0,0,6,6.0,42.0,False,+10: ranking_appearance_30d; +10: rankable_rate_high; no_upload_7d; growth_7d_lt_10000
UCKs84JYv4KGouXnJUPCcarw,UCKs84JYv4KGouXnJUPCcarw,20,active,0,0,0,3,6.0,42.0,False,+10: ranking_appearance_30d; +10: rankable_rate_high; no_upload_7d; growth_7d_lt_10000
UCvaLYFwoUgx-klnvWXTAk4g,UCvaLYFwoUgx-klnvWXTAk4g,20,active,0,0,0,15,6.0,42.0,False,+10: ranking_appearance_30d; +10: rankable_rate_high; no_upload_7d; growth_7d_lt_10000; observation_sufficient
UCU5rWAoc0AaLjhtad5D6MqQ,UCU5rWAoc0AaLjhtad5D6MqQ,20,active,0,0,0,12,6.0,42.0,False,+10: ranking_appearance_30d; +10: rankable_rate_high; no_upload_7d; growth_7d_lt_10000; observation_sufficient
UCZhFK2Ozg6_aeb693ViqRCQ,UCZhFK2Ozg6_aeb693ViqRCQ,20,active,0,0,0,3,6.0,42.0,False,+10: ranking_appearance_30d; +10: rankable_rate_high; no_upload_7d; growth_7d_lt_10000
UCBzFXifl3ext63Zzo6XO4hw,UCBzFXifl3ext63Zzo6XO4hw,20,active,0,0,0,3,6.0,42.0,False,+10: ranking_appearance_30d; +10: rankable_rate_high; no_upload_7d; growth_7d_lt_10000
UCeFilDqYMArEK197dV7WyBQ,UCeFilDqYMArEK197dV7WyBQ,20,active,0,0,0,9,6.0,42.0,False,+10: ranking_appearance_30d; +10: rankable_rate_high; no_upload_7d; growth_7d_lt_10000; observation_sufficient
UCvSrp7pwJoGbRnSY4eRhVLA,UCvSrp7pwJoGbRnSY4eRhVLA,20,active,0,0,0,3,6.0,42.0,False,+10: ranking_appearance_30d; +10: rankable_rate_high; no_upload_7d; growth_7d_lt_10000
UClMGZrq4OWMWfNmGq2oS-rA,UClMGZrq4OWMWfNmGq2oS-rA,20,active,0,0,0,3,6.0,42.0,False,+10: ranking_appearance_30d; +10: rankable_rate_high; no_upload_7d; growth_7d_lt_10000
UCf_V363oiudRpJoKoz9yrRQ,UCf_V363oiudRpJoKoz9yrRQ,20,active,0,0,0,24,6.0,42.0,False,+10: ranking_appearance_30d; +10: rankable_rate_high; no_upload_7d; no_upload_14d; growth_7d_lt_10000; observation_sufficient
UCKjNtLkzZ1gTgxdW9BLdUQQ,UCKjNtLkzZ1gTgxdW9BLdUQQ,20,active,0,0,0,3,6.0,42.0,False,+10: ranking_appearance_30d; +10: rankable_rate_high; no_upload_7d; growth_7d_lt_10000
UCkhYsQyyZQI2tNNSu2two0A,UCkhYsQyyZQI2tNNSu2two0A,20,active,0,0,0,3,6.0,42.0,False,+10: ranking_appearance_30d; +10: rankable_rate_high; no_upload_7d; growth_7d_lt_10000
UCEoElweVMcfIsGcUSyVEBig,UCEoElweVMcfIsGcUSyVEBig,20,active,0,0,0,3,6.0,42.0,False,+10: ranking_appearance_30d; +10: rankable_rate_high; no_upload_7d; growth_7d_lt_10000
UC_EDHvhdFlyKI43IcmETMOw,UC_EDHvhdFlyKI43IcmETMOw,20,active,0,0,0,3,6.0,42.0,False,+10: ranking_appearance_30d; +10: rankable_rate_high; no_upload_7d; growth_7d_lt_10000
UCGTClWAt_iWIRa2zLu9ZgpA,UCGTClWAt_iWIRa2zLu9ZgpA,20,active,0,0,0,3,6.0,42.0,False,+10: ranking_appearance_30d; +10: rankable_rate_high; no_upload_7d; growth_7d_lt_10000
UCH-6Siwi5dJVRKLUNozU7Hw,UCH-6Siwi5dJVRKLUNozU7Hw,20,active,0,0,0,6,6.0,42.0,False,+10: ranking_appearance_30d; +10: rankable_rate_high; no_upload_7d; growth_7d_lt_10000
UCOGTqPj3crZ7eyHpxwCKycQ,UCOGTqPj3crZ7eyHpxwCKycQ,20,active,0,0,0,3,6.0,42.0,False,+10: ranking_appearance_30d; +10: rankable_rate_high; no_upload_7d; no_upload_14d; growth_7d_lt_10000
UCV4W6Tmc_2Gv9s6GNC6xOow,UCV4W6Tmc_2Gv9s6GNC6xOow,20,active,0,0,0,3,6.0,42.0,False,+10: ranking_appearance_30d; +10: rankable_rate_high; no_upload_7d; growth_7d_lt_10000
UCGyywYAJd2O5Y7yUyr7qBRQ,UCGyywYAJd2O5Y7yUyr7qBRQ,20,active,0,0,0,12,6.0,42.0,False,+10: ranking_appearance_30d; +10: rankable_rate_high; no_upload_7d; growth_7d_lt_10000; observation_sufficient
UCv7OXJPrETnOqIz10o3hvnQ,UCv7OXJPrETnOqIz10o3hvnQ,20,active,0,0,0,3,6.0,42.0,False,+10: ranking_appearance_30d; +10: rankable_rate_high; no_upload_7d; growth_7d_lt_10000
UCyVqjBnb0QGl2cGP21WUyuQ,UCyVqjBnb0QGl2cGP21WUyuQ,20,active,0,0,0,6,6.0,42.0,False,+10: ranking_appearance_30d; +10: rankable_rate_high; no_upload_7d; growth_7d_lt_10000
UCX9gf8TSEStlJeuRQ5nZGag,UCX9gf8TSEStlJeuRQ5nZGag,20,active,0,0,0,6,6.0,42.0,False,+10: ranking_appearance_30d; +10: rankable_rate_high; no_upload_7d; growth_7d_lt_10000
UCXTUyisf9WdFTdHztf_gmlg,UCXTUyisf9WdFTdHztf_gmlg,20,active,0,0,0,3,6.0,42.0,False,+10: ranking_appearance_30d; +10: rankable_rate_high; no_upload_7d; growth_7d_lt_10000
UC3jtqGMKnRdszQCI7FGxJgg,UC3jtqGMKnRdszQCI7FGxJgg,20,active,0,0,0,3,6.0,42.0,False,+10: ranking_appearance_30d; +10: rankable_rate_high; no_upload_7d; growth_7d_lt_10000
UCghV1RqaFqfe1Z-tyvZxgHQ,UCghV1RqaFqfe1Z-tyvZxgHQ,20,active,0,0,0,3,6.0,42.0,False,+10: ranking_appearance_30d; +10: rankable_rate_high; no_upload_7d; growth_7d_lt_10000
UCi9EXd5JZd0u6iHfW4BVeiQ,UCi9EXd5JZd0u6iHfW4BVeiQ,20,active,0,0,0,6,6.0,42.0,False,+10: ranking_appearance_30d; +10: rankable_rate_high; no_upload_7d; growth_7d_lt_10000
UCsQaLxdWOOAcjVqA7fy2wng,UCsQaLxdWOOAcjVqA7fy2wng,20,active,0,0,0,12,6.0,42.0,False,+10: ranking_appearance_30d; +10: rankable_rate_high; no_upload_7d; growth_7d_lt_10000; observation_sufficient
UC9A-_6BvEKkTmEZwY-sRfLQ,UC9A-_6BvEKkTmEZwY-sRfLQ,20,active,0,0,0,9,6.0,42.0,False,+10: ranking_appearance_30d; +10: rankable_rate_high; no_upload_7d; growth_7d_lt_10000; observation_sufficient
UCoxTPDPTv5zjAGDYBY9VjSw,UCoxTPDPTv5zjAGDYBY9VjSw,20,active,0,0,0,6,6.0,42.0,False,+10: ranking_appearance_30d; +10: rankable_rate_high; no_upload_7d; growth_7d_lt_10000
UCiFUbJ2MS5rcbxlJ0BANQ2Q,UCiFUbJ2MS5rcbxlJ0BANQ2Q,20,active,0,0,0,3,6.0,42.0,False,+10: ranking_appearance_30d; +10: rankable_rate_high; no_upload_7d; growth_7d_lt_10000
UCl5On9IkxOa8iBZf9OcgrCg,UCl5On9IkxOa8iBZf9OcgrCg,20,active,0,0,0,3,6.0,42.0,False,+10: ranking_appearance_30d; +10: rankable_rate_high; no_upload_7d; growth_7d_lt_10000
UCXeBhxKbjgoHBk3FIpAZc1Q,UCXeBhxKbjgoHBk3FIpAZc1Q,20,active,0,0,0,6,6.0,42.0,False,+10: ranking_appearance_30d; +10: rankable_rate_high; no_upload_7d; growth_7d_lt_10000
UC24bDvroMb7iIKAip1d5z4w,UC24bDvroMb7iIKAip1d5z4w,20,active,0,0,0,3,6.0,42.0,False,+10: ranking_appearance_30d; +10: rankable_rate_high; no_upload_7d; growth_7d_lt_10000
UC_41Vg-saBGcscTzhHEEGKg,UC_41Vg-saBGcscTzhHEEGKg,20,active,0,0,0,6,6.0,42.0,False,+10: ranking_appearance_30d; +10: rankable_rate_high; no_upload_7d; growth_7d_lt_10000
UCnR8HO69qRAMA23a2k4T-oA,UCnR8HO69qRAMA23a2k4T-oA,20,active,0,0,0,9,6.0,42.0,False,+10: ranking_appearance_30d; +10: rankable_rate_high; no_upload_7d; growth_7d_lt_10000; observation_sufficient
UCRZslkLFqsVesG_7H52XT-Q,UCRZslkLFqsVesG_7H52XT-Q,20,active,0,0,0,3,6.0,42.0,False,+10: ranking_appearance_30d; +10: rankable_rate_high; no_upload_7d; growth_7d_lt_10000
UCKuwxopq9c3cldzSOo4ceSA,UCKuwxopq9c3cldzSOo4ceSA,0,active,0,0,0,3,6.0,42.0,False,+10: ranking_appearance_30d; +10: rankable_rate_high; -20: no_new_video_14d; no_upload_7d; no_upload_14d; growth_7d_lt_10000; inactive_ge_14d
UC3ux3I3GxwujT5NvfyX6QnQ,UC3ux3I3GxwujT5NvfyX6QnQ,0,active,0,0,0,3,6.0,42.0,False,+10: ranking_appearance_30d; +10: rankable_rate_high; -20: no_new_video_14d; no_upload_7d; no_upload_14d; growth_7d_lt_10000; inactive_ge_14d
UCXmpw2sprdZM8_69GPpPiEw,UCXmpw2sprdZM8_69GPpPiEw,0,active,0,0,0,3,6.0,42.0,False,+10: ranking_appearance_30d; +10: rankable_rate_high; -20: no_new_video_14d; no_upload_7d; no_upload_14d; growth_7d_lt_10000; inactive_ge_14d
UC-b4jAdL4zbKBF9pxABojHQ,UC-b4jAdL4zbKBF9pxABojHQ,0,active,0,0,0,3,6.0,42.0,False,+10: ranking_appearance_30d; +10: rankable_rate_high; -20: no_new_video_14d; no_upload_7d; no_upload_14d; growth_7d_lt_10000; inactive_ge_14d
UCHl9Lk_Nene0QbwuJJFdEyQ,UCHl9Lk_Nene0QbwuJJFdEyQ,0,active,0,0,0,3,6.0,42.0,False,+10: ranking_appearance_30d; +10: rankable_rate_high; -20: no_new_video_14d; no_upload_7d; no_upload_14d; growth_7d_lt_10000; inactive_ge_14d
UCpkIOIjOfzJDekGnKXm1ysw,UCpkIOIjOfzJDekGnKXm1ysw,0,active,0,0,0,3,6.0,42.0,False,+10: ranking_appearance_30d; +10: rankable_rate_high; -20: no_new_video_14d; no_upload_7d; no_upload_14d; growth_7d_lt_10000; inactive_ge_14d
UCdYalSAwfIQ3HEM8MIVXokA,UCdYalSAwfIQ3HEM8MIVXokA,0,active,0,0,0,3,6.0,42.0,False,+10: ranking_appearance_30d; +10: rankable_rate_high; -20: no_new_video_14d; no_upload_7d; no_upload_14d; growth_7d_lt_10000; inactive_ge_14d
UCsmVdDT1aXtGGA2t5oqHMWQ,UCsmVdDT1aXtGGA2t5oqHMWQ,0,active,0,0,0,6,6.0,42.0,False,+10: ranking_appearance_30d; +10: rankable_rate_high; -20: no_new_video_14d; no_upload_7d; no_upload_14d; growth_7d_lt_10000; inactive_ge_14d
UCx0LtFp54ADVxQCcTEtNwYQ,UCx0LtFp54ADVxQCcTEtNwYQ,0,active,0,0,0,3,6.0,42.0,False,+10: ranking_appearance_30d; +10: rankable_rate_high; -20: no_new_video_14d; no_upload_7d; no_upload_14d; growth_7d_lt_10000; inactive_ge_14d
UCYEb13ui0Ha8swTv_Mcb1Yw,UCYEb13ui0Ha8swTv_Mcb1Yw,0,active,0,0,0,3,6.0,42.0,False,+10: ranking_appearance_30d; +10: rankable_rate_high; -20: no_new_video_14d; no_upload_7d; no_upload_14d; growth_7d_lt_10000; inactive_ge_14d
UC4B0dcO9JamdQpE1uxcSRrQ,UC4B0dcO9JamdQpE1uxcSRrQ,0,active,0,0,0,6,6.0,42.0,False,+10: ranking_appearance_30d; +10: rankable_rate_high; -20: no_new_video_14d; no_upload_7d; no_upload_14d; growth_7d_lt_10000; inactive_ge_14d
UCY5yVYBd0dbC3enY0P14i8w,UCY5yVYBd0dbC3enY0P14i8w,0,active,0,0,0,3,6.0,42.0,False,+10: ranking_appearance_30d; +10: rankable_rate_high; -20: no_new_video_14d; no_upload_7d; no_upload_14d; growth_7d_lt_10000; inactive_ge_14d
UCXv2HxmZ8_X2NqWhn4niadg,UCXv2HxmZ8_X2NqWhn4niadg,0,active,0,0,0,3,6.0,42.0,False,+10: ranking_appearance_30d; +10: rankable_rate_high; -20: no_new_video_14d; no_upload_7d; no_upload_14d; growth_7d_lt_10000; inactive_ge_14d
UCRE_LJQad42GdZrTFfcS1lA,UCRE_LJQad42GdZrTFfcS1lA,0,active,0,0,0,3,6.0,42.0,False,+10: ranking_appearance_30d; +10: rankable_rate_high; -20: no_new_video_14d; no_upload_7d; no_upload_14d; growth_7d_lt_10000; inactive_ge_14d
UC5EBlEp8J1ZgxOg8AWSeoZQ,UC5EBlEp8J1ZgxOg8AWSeoZQ,0,active,0,0,0,3,6.0,42.0,False,+10: ranking_appearance_30d; +10: rankable_rate_high; -20: no_new_video_14d; no_upload_7d; no_upload_14d; growth_7d_lt_10000; inactive_ge_14d
UClRzrprJGPIdgFjCjb1teDQ,UClRzrprJGPIdgFjCjb1teDQ,0,active,0,0,0,3,6.0,42.0,False,+10: ranking_appearance_30d; +10: rankable_rate_high; -20: no_new_video_14d; no_upload_7d; no_upload_14d; growth_7d_lt_10000; inactive_ge_14d
UCbewDtaT1mfFYrfTIrSg8ig,UCbewDtaT1mfFYrfTIrSg8ig,0,active,0,0,0,6,6.0,42.0,False,+10: ranking_appearance_30d; +10: rankable_rate_high; -20: no_new_video_14d; no_upload_7d; no_upload_14d; growth_7d_lt_10000; inactive_ge_14d
UCGO-tqRX5GoOBNlDbytVkPQ,UCGO-tqRX5GoOBNlDbytVkPQ,0,active,0,0,0,3,6.0,42.0,False,+10: ranking_appearance_30d; +10: rankable_rate_high; -20: no_new_video_14d; no_upload_7d; no_upload_14d; growth_7d_lt_10000; inactive_ge_14d
UC47SyS5gu86hd9bI1lf8nHA,UC47SyS5gu86hd9bI1lf8nHA,0,active,0,0,0,6,6.0,42.0,False,+10: ranking_appearance_30d; +10: rankable_rate_high; -20: no_new_video_14d; no_upload_7d; no_upload_14d; growth_7d_lt_10000; inactive_ge_14d
UCdbE9gXWvBBFHpA9RP1DfBA,UCdbE9gXWvBBFHpA9RP1DfBA,0,active,0,0,0,3,6.0,42.0,False,+10: ranking_appearance_30d; +10: rankable_rate_high; -20: no_new_video_14d; no_upload_7d; no_upload_14d; growth_7d_lt_10000; inactive_ge_14d
UC6yhlwQEDNoRovegZmntBJw,UC6yhlwQEDNoRovegZmntBJw,0,active,0,0,0,3,6.0,42.0,False,+10: ranking_appearance_30d; +10: rankable_rate_high; -20: no_new_video_14d; no_upload_7d; no_upload_14d; growth_7d_lt_10000; inactive_ge_14d
UCfXZqufQWffqRIobkgyVsgw,UCfXZqufQWffqRIobkgyVsgw,0,active,0,0,0,3,6.0,42.0,False,+10: ranking_appearance_30d; +10: rankable_rate_high; -20: no_new_video_14d; no_upload_7d; no_upload_14d; growth_7d_lt_10000; inactive_ge_14d
UCWw7WmvvSG2YgkFC-kgXdnA,UCWw7WmvvSG2YgkFC-kgXdnA,0,active,0,0,0,3,6.0,42.0,False,+10: ranking_appearance_30d; +10: rankable_rate_high; -20: no_new_video_14d; no_upload_7d; no_upload_14d; growth_7d_lt_10000; inactive_ge_14d
UCJFZiqLMntJufDCHc6bQixg,hololive ホロライブ,-15,active,0,0,0,0,6.0,42.0,False,-15: rankable_rate_low; no_upload_7d; no_ranking_30d; growth_7d_lt_10000; observation_sufficient
UCX7YkU9nEeaoZbkVLVajcMg,にじさんじ,-15,active,0,0,0,0,6.0,42.0,False,-15: rankable_rate_low; no_upload_7d; no_ranking_30d; growth_7d_lt_10000; observation_sufficient
UCJEpkwwDiTKS5lxwFttEbIQ,ななしいんく公式,-15,active,0,0,0,0,6.0,42.0,False,-15: rankable_rate_low; no_upload_7d; no_ranking_30d; growth_7d_lt_10000; observation_sufficient
UCGoSINtTmNivjUJvGCYJLfg,UCGoSINtTmNivjUJvGCYJLfg,-15,active,0,0,0,0,6.0,42.0,False,-15: rankable_rate_low; no_upload_7d; no_ranking_30d; growth_7d_lt_10000
UC0x9XsRooQaMlUO0qxGAbEg,UC0x9XsRooQaMlUO0qxGAbEg,-15,active,0,0,0,0,6.0,42.0,False,-15: rankable_rate_low; no_upload_7d; no_ranking_30d; growth_7d_lt_10000
UC4BugU8-0x9gw0P4nZAA97A,UC4BugU8-0x9gw0P4nZAA97A,-15,active,0,0,0,0,6.0,42.0,False,-15: rankable_rate_low; no_upload_7d; no_upload_14d; no_ranking_30d; growth_7d_lt_10000
UCQTJDzbXYkVPnvvZBbtnJEg,UCQTJDzbXYkVPnvvZBbtnJEg,-15,active,0,0,0,0,6.0,42.0,False,-15: rankable_rate_low; no_upload_7d; no_ranking_30d; growth_7d_lt_10000
UCbxI8D4RHrJqyC0mNLZB0pQ,UCbxI8D4RHrJqyC0mNLZB0pQ,-15,active,0,0,0,0,6.0,42.0,False,-15: rankable_rate_low; no_upload_7d; no_ranking_30d; growth_7d_lt_10000
UCsYidI51s_2ZiGsoDnnpAHA,UCsYidI51s_2ZiGsoDnnpAHA,-15,active,0,0,0,0,6.0,42.0,False,-15: rankable_rate_low; no_upload_7d; no_ranking_30d; growth_7d_lt_10000
UCDxHKSgQD7tcTr36F2GnvDg,UCDxHKSgQD7tcTr36F2GnvDg,-15,active,0,0,0,0,6.0,42.0,False,-15: rankable_rate_low; no_upload_7d; no_ranking_30d; growth_7d_lt_10000
UCRlSZcv-0hgU8E9FjTVR-7Q,UCRlSZcv-0hgU8E9FjTVR-7Q,-15,active,0,0,0,0,6.0,42.0,False,-15: rankable_rate_low; no_upload_7d; no_ranking_30d; growth_7d_lt_10000
UCz3O6Yj2gev1JBcmxr2IIag,UCz3O6Yj2gev1JBcmxr2IIag,-15,active,0,0,0,0,6.0,42.0,False,-15: rankable_rate_low; no_upload_7d; no_ranking_30d; growth_7d_lt_10000
UCe_q0SoNS4q9IlvkUbq7LSA,UCe_q0SoNS4q9IlvkUbq7LSA,-15,active,0,0,0,0,6.0,42.0,False,-15: rankable_rate_low; no_upload_7d; no_ranking_30d; growth_7d_lt_10000
UCTKFTHWEOFznByFef9MKcAQ,UCTKFTHWEOFznByFef9MKcAQ,-15,active,0,0,0,0,6.0,42.0,False,-15: rankable_rate_low; no_upload_7d; no_ranking_30d; growth_7d_lt_10000
UCP7aKL0KQaJEZXR3fPkWyGA,UCP7aKL0KQaJEZXR3fPkWyGA,-15,active,0,0,0,0,6.0,42.0,False,-15: rankable_rate_low; no_upload_7d; no_ranking_30d; growth_7d_lt_10000
UCZl3Wn0-_y24i-7gXhEHA6Q,UCZl3Wn0-_y24i-7gXhEHA6Q,-15,active,0,0,0,0,6.0,42.0,False,-15: rankable_rate_low; no_upload_7d; no_ranking_30d; growth_7d_lt_10000
UCq7VbW-tb2chRgBpTNIJdJw,UCq7VbW-tb2chRgBpTNIJdJw,-15,active,0,0,0,0,6.0,42.0,False,-15: rankable_rate_low; no_upload_7d; no_upload_14d; no_ranking_30d; growth_7d_lt_10000
UC--DHkynmiQbhzuawrzU0Qg,UC--DHkynmiQbhzuawrzU0Qg,-15,active,0,0,0,0,6.0,42.0,False,-15: rankable_rate_low; no_upload_7d; no_ranking_30d; growth_7d_lt_10000
UCqcvXiTDNt-APohQQWJqjFA,UCqcvXiTDNt-APohQQWJqjFA,-15,active,0,0,0,0,6.0,42.0,False,-15: rankable_rate_low; no_upload_7d; no_ranking_30d; growth_7d_lt_10000
UC7g56KcKNJpAmkfJchrABFA,UC7g56KcKNJpAmkfJchrABFA,-15,active,0,0,0,0,6.0,42.0,False,-15: rankable_rate_low; no_upload_7d; no_ranking_30d; growth_7d_lt_10000
UCM1XeucEZHYmxCXlYNTELoQ,UCM1XeucEZHYmxCXlYNTELoQ,-15,active,0,0,0,0,6.0,42.0,False,-15: rankable_rate_low; no_upload_7d; no_ranking_30d; growth_7d_lt_10000
UC6GFpgQUA6647aZ5RKUYYdw,UC6GFpgQUA6647aZ5RKUYYdw,-15,active,0,0,0,0,6.0,42.0,False,-15: rankable_rate_low; no_upload_7d; no_ranking_30d; growth_7d_lt_10000
UCUdEcoGpWGQcpipQ5tm-6gQ,UCUdEcoGpWGQcpipQ5tm-6gQ,-15,active,0,0,0,0,6.0,42.0,False,-15: rankable_rate_low; no_upload_7d; no_ranking_30d; growth_7d_lt_10000
UClWHTN1mbVMmIFUWJjqdbvw,UClWHTN1mbVMmIFUWJjqdbvw,-15,active,0,0,0,0,6.0,42.0,False,-15: rankable_rate_low; no_upload_7d; no_ranking_30d; growth_7d_lt_10000
UCin40B5inoY5PHk_Z2MDIvw,UCin40B5inoY5PHk_Z2MDIvw,-15,active,0,0,0,0,6.0,42.0,False,-15: rankable_rate_low; no_upload_7d; no_ranking_30d; growth_7d_lt_10000
UC6RzeBm727YtaPfEkF-SHmA,UC6RzeBm727YtaPfEkF-SHmA,-15,active,0,0,0,0,6.0,42.0,False,-15: rankable_rate_low; no_upload_7d; no_upload_14d; no_ranking_30d; growth_7d_lt_10000
UC004g-5oB1KlhGlWjjixJSA,UC004g-5oB1KlhGlWjjixJSA,-15,active,0,0,0,0,6.0,42.0,False,-15: rankable_rate_low; no_upload_7d; no_ranking_30d; growth_7d_lt_10000
UCcoMFckNKDGa_fe7YqIuULA,UCcoMFckNKDGa_fe7YqIuULA,-15,active,0,0,0,0,6.0,42.0,False,-15: rankable_rate_low; no_upload_7d; no_ranking_30d; growth_7d_lt_10000
UC2Q1va8pjGaFqvZPdU7Pv1w,UC2Q1va8pjGaFqvZPdU7Pv1w,-15,active,0,0,0,0,6.0,42.0,False,-15: rankable_rate_low; no_upload_7d; no_ranking_30d; growth_7d_lt_10000
UCT0cwFZs2WY2LRsfqpneo3A,UCT0cwFZs2WY2LRsfqpneo3A,-15,active,0,0,0,0,6.0,42.0,False,-15: rankable_rate_low; no_upload_7d; no_ranking_30d; growth_7d_lt_10000
UCSj919cAPsMxgIKLJpieTtw,UCSj919cAPsMxgIKLJpieTtw,-15,active,0,0,0,0,6.0,42.0,False,-15: rankable_rate_low; no_upload_7d; no_ranking_30d; growth_7d_lt_10000
UCsRwSwz-hGb9H89TQY6KZzA,UCsRwSwz-hGb9H89TQY6KZzA,-15,active,0,0,0,0,6.0,42.0,False,-15: rankable_rate_low; no_upload_7d; no_ranking_30d; growth_7d_lt_10000
UCBmGhAaYKdG8kyqsCkSJ9qQ,UCBmGhAaYKdG8kyqsCkSJ9qQ,-15,active,0,0,0,0,6.0,42.0,False,-15: rankable_rate_low; no_upload_7d; no_ranking_30d; growth_7d_lt_10000
UCp1H5Jt_ihUIUAIQCc-9hzw,UCp1H5Jt_ihUIUAIQCc-9hzw,-15,active,0,0,0,0,6.0,42.0,False,-15: rankable_rate_low; no_upload_7d; no_upload_14d; no_ranking_30d; growth_7d_lt_10000
UCai6xSz9VUGwNj-mB9K6_Ow,UCai6xSz9VUGwNj-mB9K6_Ow,-15,active,0,0,0,0,6.0,42.0,False,-15: rankable_rate_low; no_upload_7d; no_ranking_30d; growth_7d_lt_10000; observation_sufficient
UC8Y1-8FdJUXHkR0qhClwpOg,UC8Y1-8FdJUXHkR0qhClwpOg,-15,active,0,0,0,0,6.0,42.0,False,-15: rankable_rate_low; no_upload_7d; no_ranking_30d; growth_7d_lt_10000
UCeKA5t6Yh2V_BsiIOIxZvcQ,UCeKA5t6Yh2V_BsiIOIxZvcQ,-15,active,0,0,0,0,6.0,42.0,False,-15: rankable_rate_low; no_upload_7d; no_upload_14d; no_ranking_30d; growth_7d_lt_10000
UCJEGMEX_fDbkyQi73VoUz8A,UCJEGMEX_fDbkyQi73VoUz8A,-15,active,0,0,0,0,6.0,42.0,False,-15: rankable_rate_low; no_upload_7d; no_ranking_30d; growth_7d_lt_10000; observation_sufficient
UCmH-xzffV_6PDHWlXb-nkLA,UCmH-xzffV_6PDHWlXb-nkLA,-15,active,0,0,0,0,6.0,42.0,False,-15: rankable_rate_low; no_upload_7d; no_ranking_30d; growth_7d_lt_10000
UCBUKTu0Jb4C5Lz_pwL--0tQ,UCBUKTu0Jb4C5Lz_pwL--0tQ,-15,active,0,0,0,0,6.0,42.0,False,-15: rankable_rate_low; no_upload_7d; no_upload_14d; no_ranking_30d; growth_7d_lt_10000
UC2oKv9MRKvOYmOwTqAbgWxg,UC2oKv9MRKvOYmOwTqAbgWxg,-15,active,0,0,0,0,6.0,42.0,False,-15: rankable_rate_low; no_upload_7d; no_ranking_30d; growth_7d_lt_10000
UCXQbKzbjxaDnwpCpkCpdq_g,UCXQbKzbjxaDnwpCpkCpdq_g,-15,active,0,0,0,0,6.0,42.0,False,-15: rankable_rate_low; no_upload_7d; no_ranking_30d; growth_7d_lt_10000
UCpVhw70igtj4kS_ovweuHeg,UCpVhw70igtj4kS_ovweuHeg,-15,active,0,0,0,0,6.0,42.0,False,-15: rankable_rate_low; no_upload_7d; no_ranking_30d; growth_7d_lt_10000
UCcXxDV-uoPW1-14j2X28zrQ,UCcXxDV-uoPW1-14j2X28zrQ,-15,active,0,0,0,0,6.0,42.0,False,-15: rankable_rate_low; no_upload_7d; no_ranking_30d; growth_7d_lt_10000
UCEONiaskANYZJSerz3suT_Q,UCEONiaskANYZJSerz3suT_Q,-15,active,0,0,0,0,6.0,42.0,False,-15: rankable_rate_low; no_upload_7d; no_ranking_30d; growth_7d_lt_10000
UCcELId_zrB-jcIQ5OIGqiUQ,UCcELId_zrB-jcIQ5OIGqiUQ,-15,active,0,0,0,0,6.0,42.0,False,-15: rankable_rate_low; no_upload_7d; no_ranking_30d; growth_7d_lt_10000
UCRXbosXZhCmoftVmSM4mPDw,UCRXbosXZhCmoftVmSM4mPDw,-15,active,0,0,0,0,6.0,42.0,False,-15: rankable_rate_low; no_upload_7d; no_ranking_30d; growth_7d_lt_10000
UCV32B_exLtLtdD8oicGzosA,UCV32B_exLtLtdD8oicGzosA,-15,active,0,0,0,0,6.0,42.0,False,-15: rankable_rate_low; no_upload_7d; no_ranking_30d; growth_7d_lt_10000
UCs84zVz13QspEQCkh2tfD3w,UCs84zVz13QspEQCkh2tfD3w,-15,active,0,0,0,0,6.0,42.0,False,-15: rankable_rate_low; no_upload_7d; no_ranking_30d; growth_7d_lt_10000
UCVX-NoHO_ihN1KqAiCarzlg,UCVX-NoHO_ihN1KqAiCarzlg,-15,active,0,0,0,0,6.0,42.0,False,-15: rankable_rate_low; no_upload_7d; no_ranking_30d; growth_7d_lt_10000
UCHwQOtwtZJPx8K8KUHwACcg,UCHwQOtwtZJPx8K8KUHwACcg,-15,active,0,0,0,0,6.0,42.0,False,-15: rankable_rate_low; no_upload_7d; no_ranking_30d; growth_7d_lt_10000
UCCbZFOmhsQkQZ_8cTFLVOYw,UCCbZFOmhsQkQZ_8cTFLVOYw,-15,active,0,0,0,0,6.0,42.0,False,-15: rankable_rate_low; no_upload_7d; no_ranking_30d; growth_7d_lt_10000
UCdB_nliFUorH9lZb1J19g-A,UCdB_nliFUorH9lZb1J19g-A,-15,active,0,0,0,0,6.0,42.0,False,-15: rankable_rate_low; no_upload_7d; no_ranking_30d; growth_7d_lt_10000
UCHIeP9Yj4E98PXhvUEWhcig,UCHIeP9Yj4E98PXhvUEWhcig,-15,active,0,0,0,0,6.0,42.0,False,-15: rankable_rate_low; no_upload_7d; no_ranking_30d; growth_7d_lt_10000
UCIGJZo0qGtgarb0F4SQGnpA,UCIGJZo0qGtgarb0F4SQGnpA,-15,active,0,0,0,0,6.0,42.0,False,-15: rankable_rate_low; no_upload_7d; no_ranking_30d; growth_7d_lt_10000
UCu6ElyxgXHVRH3uXyswhoSg,UCu6ElyxgXHVRH3uXyswhoSg,-15,active,0,0,0,0,6.0,42.0,False,-15: rankable_rate_low; no_upload_7d; no_ranking_30d; growth_7d_lt_10000
UCyRXORG3O6RiOPXEL7y5t4A,UCyRXORG3O6RiOPXEL7y5t4A,-15,active,0,0,0,0,6.0,42.0,False,-15: rankable_rate_low; no_upload_7d; no_ranking_30d; growth_7d_lt_10000
UCC4Ov0WkU0OM13VUCVxzLfg,UCC4Ov0WkU0OM13VUCVxzLfg,-15,active,0,0,0,0,6.0,42.0,False,-15: rankable_rate_low; no_upload_7d; no_ranking_30d; growth_7d_lt_10000
UCLY-oYuGEmmthR0WWbdrhlQ,UCLY-oYuGEmmthR0WWbdrhlQ,-15,active,0,0,0,0,6.0,42.0,False,-15: rankable_rate_low; no_upload_7d; no_ranking_30d; growth_7d_lt_10000
UCj3RHqBCHXrmGEmC-xcVC6A,UCj3RHqBCHXrmGEmC-xcVC6A,-15,active,0,0,0,0,6.0,42.0,False,-15: rankable_rate_low; no_upload_7d; no_ranking_30d; growth_7d_lt_10000
UCzXYQeroiCQoNRGOoqZ7yAw,UCzXYQeroiCQoNRGOoqZ7yAw,-15,active,0,0,0,0,6.0,42.0,False,-15: rankable_rate_low; no_upload_7d; no_ranking_30d; growth_7d_lt_10000
UCtLbotPCJhRLSpBUb8hOxzA,UCtLbotPCJhRLSpBUb8hOxzA,-15,active,0,0,0,0,6.0,42.0,False,-15: rankable_rate_low; no_upload_7d; no_ranking_30d; growth_7d_lt_10000
UCaK79Xh6XwjIJQ_cO6u8Zrw,UCaK79Xh6XwjIJQ_cO6u8Zrw,-15,active,0,0,0,0,6.0,42.0,False,-15: rankable_rate_low; no_upload_7d; no_ranking_30d; growth_7d_lt_10000
UCcCUoKi9xEly8LMSr9p9xzw,UCcCUoKi9xEly8LMSr9p9xzw,-15,active,0,0,0,0,6.0,42.0,False,-15: rankable_rate_low; no_upload_7d; no_ranking_30d; growth_7d_lt_10000
UCdwweuDez1QImREtIAZPcYg,UCdwweuDez1QImREtIAZPcYg,-15,active,0,0,0,0,6.0,42.0,False,-15: rankable_rate_low; no_upload_7d; no_ranking_30d; growth_7d_lt_10000
UCOJb_9lpdWhaRSz1vknBIVg,UCOJb_9lpdWhaRSz1vknBIVg,-15,active,0,0,0,0,6.0,42.0,False,-15: rankable_rate_low; no_upload_7d; no_ranking_30d; growth_7d_lt_10000
UCrMSZAPPhXNBjcSUgBrXLbw,UCrMSZAPPhXNBjcSUgBrXLbw,-15,active,0,0,0,0,6.0,42.0,False,-15: rankable_rate_low; no_upload_7d; no_ranking_30d; growth_7d_lt_10000
UCNHc955pE2qA0JfOklGk4SA,UCNHc955pE2qA0JfOklGk4SA,-15,active,0,0,0,0,6.0,42.0,False,-15: rankable_rate_low; no_upload_7d; no_ranking_30d; growth_7d_lt_10000
UCgESFtgf-rD3czNuO6AiRtA,UCgESFtgf-rD3czNuO6AiRtA,-15,active,0,0,0,0,6.0,42.0,False,-15: rankable_rate_low; no_upload_7d; no_ranking_30d; growth_7d_lt_10000
UCxUDXKlwQFL4hXoe5SItF-g,UCxUDXKlwQFL4hXoe5SItF-g,-15,active,0,0,0,0,6.0,42.0,False,-15: rankable_rate_low; no_upload_7d; no_ranking_30d; growth_7d_lt_10000
UCxBQg_MTWjkEDZOXK6ahebQ,UCxBQg_MTWjkEDZOXK6ahebQ,-15,active,0,0,0,0,6.0,42.0,False,-15: rankable_rate_low; no_upload_7d; no_ranking_30d; growth_7d_lt_10000
UCuR2jezs4-COk5NepbzBKKg,UCuR2jezs4-COk5NepbzBKKg,-15,active,0,0,0,0,6.0,42.0,False,-15: rankable_rate_low; no_upload_7d; no_ranking_30d; growth_7d_lt_10000
UCoLF4YqTVznOaBR_HCWVqSw,UCoLF4YqTVznOaBR_HCWVqSw,-15,active,0,0,0,0,6.0,42.0,False,-15: rankable_rate_low; no_upload_7d; no_ranking_30d; growth_7d_lt_10000
UCkAsmKq-xYiNsl32dwB3Ulg,UCkAsmKq-xYiNsl32dwB3Ulg,-15,active,0,0,0,0,6.0,42.0,False,-15: rankable_rate_low; no_upload_7d; no_ranking_30d; growth_7d_lt_10000
UC2trVCegPtknHJwQGUNteCg,UC2trVCegPtknHJwQGUNteCg,-15,active,0,0,0,0,6.0,42.0,False,-15: rankable_rate_low; no_upload_7d; no_ranking_30d; growth_7d_lt_10000
UCY0wMpuqeggDR1tNJjZF9yA,UCY0wMpuqeggDR1tNJjZF9yA,-15,active,0,0,0,0,6.0,42.0,False,-15: rankable_rate_low; no_upload_7d; no_ranking_30d; growth_7d_lt_10000
UCii4eZm84XkoHhp99Ptihqw,UCii4eZm84XkoHhp99Ptihqw,-15,active,0,0,0,0,6.0,42.0,False,-15: rankable_rate_low; no_upload_7d; no_ranking_30d; growth_7d_lt_10000
UC758B56bESyznwmUP0o9FHA,UC758B56bESyznwmUP0o9FHA,-15,active,0,0,0,0,6.0,42.0,False,-15: rankable_rate_low; no_upload_7d; no_ranking_30d; growth_7d_lt_10000
UCe1VvJTkU2xeLJqTb-Sgztw,UCe1VvJTkU2xeLJqTb-Sgztw,-15,active,0,0,0,0,6.0,42.0,False,-15: rankable_rate_low; no_upload_7d; no_ranking_30d; growth_7d_lt_10000
UCU_CyQbxRCDe8ZCVIIXqIhQ,UCU_CyQbxRCDe8ZCVIIXqIhQ,-15,active,0,0,0,0,6.0,42.0,False,-15: rankable_rate_low; no_upload_7d; no_ranking_30d; growth_7d_lt_10000
UCED7AG6fiNMz1PHl5OI0T-A,UCED7AG6fiNMz1PHl5OI0T-A,-15,active,0,0,0,0,6.0,42.0,False,-15: rankable_rate_low; no_upload_7d; no_ranking_30d; growth_7d_lt_10000
UCLW1pELzIdRSYbLHRBdWSqQ,UCLW1pELzIdRSYbLHRBdWSqQ,-15,active,0,0,0,0,6.0,42.0,False,-15: rankable_rate_low; no_upload_7d; no_ranking_30d; growth_7d_lt_10000
UCIm8LjwllnJc9s_qeTcCxSg,UCIm8LjwllnJc9s_qeTcCxSg,-15,active,0,0,0,0,6.0,42.0,False,-15: rankable_rate_low; no_upload_7d; no_ranking_30d; growth_7d_lt_10000
UCNQ8AeoGv27SvK1XYrAUmww,UCNQ8AeoGv27SvK1XYrAUmww,-15,active,0,0,0,0,6.0,42.0,False,-15: rankable_rate_low; no_upload_7d; no_ranking_30d; growth_7d_lt_10000
UCFUhuNEDt0lKVZhZU5Eyf8w,UCFUhuNEDt0lKVZhZU5Eyf8w,-15,active,0,0,0,0,6.0,42.0,False,-15: rankable_rate_low; no_upload_7d; no_ranking_30d; growth_7d_lt_10000
UCm9jBfiiZg-x2uWWac3giEw,UCm9jBfiiZg-x2uWWac3giEw,-15,active,0,0,0,0,6.0,42.0,False,-15: rankable_rate_low; no_upload_7d; no_ranking_30d; growth_7d_lt_10000
UCPI-eyzOIfQiGE3JK7H8XEw,UCPI-eyzOIfQiGE3JK7H8XEw,-15,active,0,0,0,0,6.0,42.0,False,-15: rankable_rate_low; no_upload_7d; no_ranking_30d; growth_7d_lt_10000
UCKK1-N01YU8bBsgWqosX9Eg,UCKK1-N01YU8bBsgWqosX9Eg,-15,active,0,0,0,0,6.0,42.0,False,-15: rankable_rate_low; no_upload_7d; no_ranking_30d; growth_7d_lt_10000
UCKSIpniJO4ofvNKJRFeZGoQ,UCKSIpniJO4ofvNKJRFeZGoQ,-15,active,0,0,0,0,6.0,42.0,False,-15: rankable_rate_low; no_upload_7d; no_ranking_30d; growth_7d_lt_10000
UCVLimK-zfEJLRiUQTJC-SZg,UCVLimK-zfEJLRiUQTJC-SZg,-15,active,0,0,0,0,6.0,42.0,False,-15: rankable_rate_low; no_upload_7d; no_ranking_30d; growth_7d_lt_10000
UCMupijofG_oq_7ov_nFXfgQ,UCMupijofG_oq_7ov_nFXfgQ,-15,active,0,0,0,0,6.0,42.0,False,-15: rankable_rate_low; no_upload_7d; no_ranking_30d; growth_7d_lt_10000
UCl6lzRh6Qf-ffbRE1h-a5VQ,UCl6lzRh6Qf-ffbRE1h-a5VQ,-15,active,0,0,0,0,6.0,42.0,False,-15: rankable_rate_low; no_upload_7d; no_ranking_30d; growth_7d_lt_10000
UCJencNErQ5UZx2NbGXPBpKA,UCJencNErQ5UZx2NbGXPBpKA,-15,active,0,0,0,0,6.0,42.0,False,-15: rankable_rate_low; no_upload_7d; no_ranking_30d; growth_7d_lt_10000; observation_sufficient
UCBWpc18ocSzjv95fdvsmDTQ,UCBWpc18ocSzjv95fdvsmDTQ,-15,active,0,0,0,0,6.0,42.0,False,-15: rankable_rate_low; no_upload_7d; no_ranking_30d; growth_7d_lt_10000
UCyum8FOA4MYsFX8JKJAQHrw,UCyum8FOA4MYsFX8JKJAQHrw,-15,active,0,0,0,0,6.0,42.0,False,-15: rankable_rate_low; no_upload_7d; no_ranking_30d; growth_7d_lt_10000
UCXlB800Q-h1Zrj6W40hLvYw,UCXlB800Q-h1Zrj6W40hLvYw,-15,active,0,0,0,0,6.0,42.0,False,-15: rankable_rate_low; no_upload_7d; no_ranking_30d; growth_7d_lt_10000
UCAPZRbYtW5EEaYVH_Te4qbw,UCAPZRbYtW5EEaYVH_Te4qbw,-15,active,0,0,0,0,6.0,42.0,False,-15: rankable_rate_low; no_upload_7d; no_ranking_30d; growth_7d_lt_10000
UCeoxdnxKYOMztHMVArhAjMQ,UCeoxdnxKYOMztHMVArhAjMQ,-15,active,0,0,0,0,6.0,42.0,False,-15: rankable_rate_low; no_upload_7d; no_ranking_30d; growth_7d_lt_10000
UCVEovD0CWnXGDQjseiijYQA,UCVEovD0CWnXGDQjseiijYQA,-15,active,0,0,0,0,6.0,42.0,False,-15: rankable_rate_low; no_upload_7d; no_ranking_30d; growth_7d_lt_10000; observation_sufficient
UCiy9rxyq75-wg-y2ZrdI5ZA,UCiy9rxyq75-wg-y2ZrdI5ZA,-15,active,0,0,0,0,6.0,42.0,False,-15: rankable_rate_low; no_upload_7d; no_ranking_30d; growth_7d_lt_10000
UCN8lJWFNtXNjoWwI_MtsZAQ,UCN8lJWFNtXNjoWwI_MtsZAQ,-15,active,0,0,0,0,6.0,42.0,False,-15: rankable_rate_low; no_upload_7d; no_ranking_30d; growth_7d_lt_10000
UCAP7nYCyi4_PXSJayAaCrIg,UCAP7nYCyi4_PXSJayAaCrIg,-15,active,0,0,0,0,6.0,42.0,False,-15: rankable_rate_low; no_upload_7d; no_ranking_30d; growth_7d_lt_10000
UC-OfroHhYuwABzdt5clK56Q,UC-OfroHhYuwABzdt5clK56Q,-15,active,0,0,0,0,6.0,42.0,False,-15: rankable_rate_low; no_upload_7d; no_ranking_30d; growth_7d_lt_10000
UCgdWqhb1xyTsABOcHE18pdw,UCgdWqhb1xyTsABOcHE18pdw,-15,active,0,0,0,0,6.0,42.0,False,-15: rankable_rate_low; no_upload_7d; no_ranking_30d; growth_7d_lt_10000
UCe47V7b2Ym5b4sKJV00SDjQ,UCe47V7b2Ym5b4sKJV00SDjQ,-15,active,0,0,0,0,6.0,42.0,False,-15: rankable_rate_low; no_upload_7d; no_ranking_30d; growth_7d_lt_10000
UCcuDbiTg4ZhD3Xi2gK_kIXg,UCcuDbiTg4ZhD3Xi2gK_kIXg,-15,active,0,0,0,0,6.0,42.0,False,-15: rankable_rate_low; no_upload_7d; no_ranking_30d; growth_7d_lt_10000
UCkKw6YorTvNbTrpDnQXlkSQ,UCkKw6YorTvNbTrpDnQXlkSQ,-15,active,0,0,0,0,6.0,42.0,False,-15: rankable_rate_low; no_upload_7d; no_ranking_30d; growth_7d_lt_10000
UCaNPbIl_VPgDa2lfEhaICQg,UCaNPbIl_VPgDa2lfEhaICQg,-15,active,0,0,0,0,6.0,42.0,False,-15: rankable_rate_low; no_upload_7d; no_ranking_30d; growth_7d_lt_10000
UC9T4LkavYKkSwdtHo-0eyzw,UC9T4LkavYKkSwdtHo-0eyzw,-15,active,0,0,0,0,6.0,42.0,False,-15: rankable_rate_low; no_upload_7d; no_ranking_30d; growth_7d_lt_10000
UCH3bCEEe7sJvXpVNWHH7I0A,UCH3bCEEe7sJvXpVNWHH7I0A,-15,active,0,0,0,0,6.0,42.0,False,-15: rankable_rate_low; no_upload_7d; no_ranking_30d; growth_7d_lt_10000
UCzomvhHtEVEeMQalqEiyVyA,UCzomvhHtEVEeMQalqEiyVyA,-15,active,0,0,0,0,6.0,42.0,False,-15: rankable_rate_low; no_upload_7d; no_ranking_30d; growth_7d_lt_10000; observation_sufficient
UCYsjMuy3jBiXeirK2xSHE2w,UCYsjMuy3jBiXeirK2xSHE2w,-15,active,0,0,0,0,6.0,42.0,False,-15: rankable_rate_low; no_upload_7d; no_ranking_30d; growth_7d_lt_10000
UCT-egXZkwgjZdwlSaDIlURg,UCT-egXZkwgjZdwlSaDIlURg,-15,active,0,0,0,0,6.0,42.0,False,-15: rankable_rate_low; no_upload_7d; no_ranking_30d; growth_7d_lt_10000
UCzBoY7geGhO0lOgnNyl82Dw,UCzBoY7geGhO0lOgnNyl82Dw,-15,active,0,0,0,0,6.0,42.0,False,-15: rankable_rate_low; no_upload_7d; no_ranking_30d; growth_7d_lt_10000
UClZ53-mqXIUU3fVEOBz0ihg,UClZ53-mqXIUU3fVEOBz0ihg,-15,active,0,0,0,0,6.0,42.0,False,-15: rankable_rate_low; no_upload_7d; no_ranking_30d; growth_7d_lt_10000
UCYwkl1l2wKVACdwK2mzN1nA,UCYwkl1l2wKVACdwK2mzN1nA,-15,active,0,0,0,0,6.0,42.0,False,-15: rankable_rate_low; no_upload_7d; no_ranking_30d; growth_7d_lt_10000
UCpHXQ-bAOXqDou4kzLl3wtw,UCpHXQ-bAOXqDou4kzLl3wtw,-15,active,0,0,0,0,6.0,42.0,False,-15: rankable_rate_low; no_upload_7d; no_ranking_30d; growth_7d_lt_10000
UCrkmFl9WbotWvZMH8wQM2mw,UCrkmFl9WbotWvZMH8wQM2mw,-15,active,0,0,0,0,6.0,42.0,False,-15: rankable_rate_low; no_upload_7d; no_ranking_30d; growth_7d_lt_10000
UCsl06ASd5x_ChvKKaNCnJ7A,UCsl06ASd5x_ChvKKaNCnJ7A,-15,active,0,0,0,0,6.0,42.0,False,-15: rankable_rate_low; no_upload_7d; no_ranking_30d; growth_7d_lt_10000
UC86AsYVjkXmOSLURYvvFFew,UC86AsYVjkXmOSLURYvvFFew,-15,active,0,0,0,0,6.0,42.0,False,-15: rankable_rate_low; no_upload_7d; no_ranking_30d; growth_7d_lt_10000
UCgW5qJIMxH41oa4T70rfLqg,UCgW5qJIMxH41oa4T70rfLqg,-15,active,0,0,0,0,6.0,42.0,False,-15: rankable_rate_low; no_upload_7d; no_ranking_30d; growth_7d_lt_10000
UCa0YFe6ec0fIZwO7-sKBmRw,UCa0YFe6ec0fIZwO7-sKBmRw,-15,active,0,0,0,0,6.0,42.0,False,-15: rankable_rate_low; no_upload_7d; no_ranking_30d; growth_7d_lt_10000
UCQ_zVF_ZyyiTptU8w3s9yMA,UCQ_zVF_ZyyiTptU8w3s9yMA,-15,active,0,0,0,0,6.0,42.0,False,-15: rankable_rate_low; no_upload_7d; no_ranking_30d; growth_7d_lt_10000
UCfJ33Aq-PgYIPbuX2s7HNpg,UCfJ33Aq-PgYIPbuX2s7HNpg,-15,active,0,0,0,0,6.0,42.0,False,-15: rankable_rate_low; no_upload_7d; no_ranking_30d; growth_7d_lt_10000
UC_oLKvnOK_P5L7tmQPaKxVA,UC_oLKvnOK_P5L7tmQPaKxVA,-15,active,0,0,0,0,6.0,42.0,False,-15: rankable_rate_low; no_upload_7d; no_ranking_30d; growth_7d_lt_10000
UC8t8pNcelZMSRm0_iqLlUOQ,UC8t8pNcelZMSRm0_iqLlUOQ,-15,active,0,0,0,0,6.0,42.0,False,-15: rankable_rate_low; no_upload_7d; no_ranking_30d; growth_7d_lt_10000
UCBT07kDimH3-HJ9zq1rFQKg,UCBT07kDimH3-HJ9zq1rFQKg,-15,active,0,0,0,0,6.0,42.0,False,-15: rankable_rate_low; no_upload_7d; no_ranking_30d; growth_7d_lt_10000
UCOAcbD7oSEMi6xt465un1pg,UCOAcbD7oSEMi6xt465un1pg,-15,active,0,0,0,0,6.0,42.0,False,-15: rankable_rate_low; no_upload_7d; no_ranking_30d; growth_7d_lt_10000
UCjO5LvXBrvOf_r_NKjRJW5A,UCjO5LvXBrvOf_r_NKjRJW5A,-15,active,0,0,0,0,6.0,42.0,False,-15: rankable_rate_low; no_upload_7d; no_ranking_30d; growth_7d_lt_10000
UCYFtZ3So6rmbr_EQquf_DCQ,UCYFtZ3So6rmbr_EQquf_DCQ,-15,active,0,0,0,0,6.0,42.0,False,-15: rankable_rate_low; no_upload_7d; no_ranking_30d; growth_7d_lt_10000
UCv90PEdjmCixSfvqjCxAiGQ,UCv90PEdjmCixSfvqjCxAiGQ,-15,active,0,0,0,0,6.0,42.0,False,-15: rankable_rate_low; no_upload_7d; no_ranking_30d; growth_7d_lt_10000
UC673deOyBeyNqzTD6zHRP0A,UC673deOyBeyNqzTD6zHRP0A,-15,active,0,0,0,0,6.0,42.0,False,-15: rankable_rate_low; no_upload_7d; no_ranking_30d; growth_7d_lt_10000
UC4kpV3aDs50WK82zOgSLEVQ,UC4kpV3aDs50WK82zOgSLEVQ,-15,active,0,0,0,0,6.0,42.0,False,-15: rankable_rate_low; no_upload_7d; no_ranking_30d; growth_7d_lt_10000
UC7CoyO8gTHr-lxOVgX1rutw,UC7CoyO8gTHr-lxOVgX1rutw,-15,active,0,0,0,0,6.0,42.0,False,-15: rankable_rate_low; no_upload_7d; no_ranking_30d; growth_7d_lt_10000
UCEIubhmNOOl3iWeII1HhGAg,UCEIubhmNOOl3iWeII1HhGAg,-15,active,0,0,0,0,6.0,42.0,False,-15: rankable_rate_low; no_upload_7d; no_ranking_30d; growth_7d_lt_10000
UCqq-ENczk2t7tVwdDUyYhpg,UCqq-ENczk2t7tVwdDUyYhpg,-15,active,0,0,0,0,6.0,42.0,False,-15: rankable_rate_low; no_upload_7d; no_ranking_30d; growth_7d_lt_10000
UCMzNWwdbN9Q8eaG4Y3kFXlg,UCMzNWwdbN9Q8eaG4Y3kFXlg,-15,active,0,0,0,0,6.0,42.0,False,-15: rankable_rate_low; no_upload_7d; no_ranking_30d; growth_7d_lt_10000
UClw9Q4wyWnkRTpNKAfLAT4g,UClw9Q4wyWnkRTpNKAfLAT4g,-15,active,0,0,0,0,6.0,42.0,False,-15: rankable_rate_low; no_upload_7d; no_ranking_30d; growth_7d_lt_10000
UCoHnq2e1hDLIIWiyLqJaQRA,UCoHnq2e1hDLIIWiyLqJaQRA,-15,active,0,0,0,0,6.0,42.0,False,-15: rankable_rate_low; no_upload_7d; no_ranking_30d; growth_7d_lt_10000
UCPg6wgO1XzM9yXN7OW9w8gQ,UCPg6wgO1XzM9yXN7OW9w8gQ,-15,active,0,0,0,0,6.0,42.0,False,-15: rankable_rate_low; no_upload_7d; no_ranking_30d; growth_7d_lt_10000
UC5rzSRrEto0X8vPue-AhSew,UC5rzSRrEto0X8vPue-AhSew,-15,active,0,0,0,0,6.0,42.0,False,-15: rankable_rate_low; no_upload_7d; no_ranking_30d; growth_7d_lt_10000
UCjnEFCkEEaTaLzpfP9VjhJg,UCjnEFCkEEaTaLzpfP9VjhJg,-15,active,0,0,0,0,6.0,42.0,False,-15: rankable_rate_low; no_upload_7d; no_ranking_30d; growth_7d_lt_10000
UCH_ZIxOtPDgem-1K753QT6A,UCH_ZIxOtPDgem-1K753QT6A,-15,active,0,0,0,0,6.0,42.0,False,-15: rankable_rate_low; no_upload_7d; no_ranking_30d; growth_7d_lt_10000
UC_nv68LD3buf9gg-rBhgVAQ,UC_nv68LD3buf9gg-rBhgVAQ,-15,active,0,0,0,0,6.0,42.0,False,-15: rankable_rate_low; no_upload_7d; no_ranking_30d; growth_7d_lt_10000
UCEGRaKu2lqjgWt-pwcScHyg,UCEGRaKu2lqjgWt-pwcScHyg,-15,active,0,0,0,0,6.0,42.0,False,-15: rankable_rate_low; no_upload_7d; no_ranking_30d; growth_7d_lt_10000
UC1NmwiuEKPmb8bou0s5y_9w,UC1NmwiuEKPmb8bou0s5y_9w,-15,active,0,0,0,0,6.0,42.0,False,-15: rankable_rate_low; no_upload_7d; no_ranking_30d; growth_7d_lt_10000
UCdatEHHzIeq-Agc4kvLnPYQ,UCdatEHHzIeq-Agc4kvLnPYQ,-15,active,0,0,0,0,6.0,42.0,False,-15: rankable_rate_low; no_upload_7d; no_ranking_30d; growth_7d_lt_10000
UCahlYbdb3AHrNQdojztSMvQ,UCahlYbdb3AHrNQdojztSMvQ,-15,active,0,0,0,0,6.0,42.0,False,-15: rankable_rate_low; no_upload_7d; no_ranking_30d; growth_7d_lt_10000
UCFNdNv1OLzgVW-3ZL_vdNTg,UCFNdNv1OLzgVW-3ZL_vdNTg,-15,active,0,0,0,0,6.0,42.0,False,-15: rankable_rate_low; no_upload_7d; no_ranking_30d; growth_7d_lt_10000
UCM0SHvGPJU90RVVUGg0MoDw,UCM0SHvGPJU90RVVUGg0MoDw,-15,active,0,0,0,0,6.0,42.0,False,-15: rankable_rate_low; no_upload_7d; no_ranking_30d; growth_7d_lt_10000
UCqFTI68M6wd8eotxt5FvFsA,UCqFTI68M6wd8eotxt5FvFsA,-15,active,0,0,0,0,6.0,42.0,False,-15: rankable_rate_low; no_upload_7d; no_ranking_30d; growth_7d_lt_10000
UCupalL95xOieIqFkp1eXA6Q,UCupalL95xOieIqFkp1eXA6Q,-15,active,0,0,0,0,6.0,42.0,False,-15: rankable_rate_low; no_upload_7d; no_ranking_30d; growth_7d_lt_10000
UCQET_vrEGR_csLsO7OOciXw,UCQET_vrEGR_csLsO7OOciXw,-15,active,0,0,0,0,6.0,42.0,False,-15: rankable_rate_low; no_upload_7d; no_ranking_30d; growth_7d_lt_10000
UC632rW4pL7yq4oGLJFfsuVA,UC632rW4pL7yq4oGLJFfsuVA,-15,active,0,0,0,0,6.0,42.0,False,-15: rankable_rate_low; no_upload_7d; no_ranking_30d; growth_7d_lt_10000
UC-PMfohkNrY1H878Wa7tljw,UC-PMfohkNrY1H878Wa7tljw,-15,active,0,0,0,0,6.0,42.0,False,-15: rankable_rate_low; no_upload_7d; no_ranking_30d; growth_7d_lt_10000
UCGPwiHWOPrtc7MPmyvGiUww,UCGPwiHWOPrtc7MPmyvGiUww,-15,active,0,0,0,0,6.0,42.0,False,-15: rankable_rate_low; no_upload_7d; no_ranking_30d; growth_7d_lt_10000
UCafRwkDb29wF0MPuZa4zzPA,UCafRwkDb29wF0MPuZa4zzPA,-15,active,0,0,0,0,6.0,42.0,False,-15: rankable_rate_low; no_upload_7d; no_ranking_30d; growth_7d_lt_10000
UC36UHnvuQWp00xvo_qHLLfg,UC36UHnvuQWp00xvo_qHLLfg,-15,active,0,0,0,0,6.0,42.0,False,-15: rankable_rate_low; no_upload_7d; no_ranking_30d; growth_7d_lt_10000; observation_sufficient
UCslZPgGhQcKGVMe7YA5N1Wg,UCslZPgGhQcKGVMe7YA5N1Wg,-15,active,0,0,0,0,6.0,42.0,False,-15: rankable_rate_low; no_upload_7d; no_ranking_30d; growth_7d_lt_10000
UCa9ypdgZUYkznkzbzMWRM4w,UCa9ypdgZUYkznkzbzMWRM4w,-15,active,0,0,0,0,6.0,42.0,False,-15: rankable_rate_low; no_upload_7d; no_ranking_30d; growth_7d_lt_10000
UCJTC3dCL-5SUhe8r42w5CQQ,UCJTC3dCL-5SUhe8r42w5CQQ,-15,active,0,0,0,0,6.0,42.0,False,-15: rankable_rate_low; no_upload_7d; no_ranking_30d; growth_7d_lt_10000
UCEQAemeYn2W_4-mHrHJAS-Q,UCEQAemeYn2W_4-mHrHJAS-Q,-15,active,0,0,0,0,6.0,42.0,False,-15: rankable_rate_low; no_upload_7d; no_ranking_30d; growth_7d_lt_10000
UC6QdZ2aWHZ4M1eJD3GGoVjQ,UC6QdZ2aWHZ4M1eJD3GGoVjQ,-15,active,0,0,0,0,6.0,42.0,False,-15: rankable_rate_low; no_upload_7d; no_ranking_30d; growth_7d_lt_10000
UC4nXxql27UWzf1QBGwnI75g,UC4nXxql27UWzf1QBGwnI75g,-15,active,0,0,0,0,6.0,42.0,False,-15: rankable_rate_low; no_upload_7d; no_ranking_30d; growth_7d_lt_10000
UCSLjNuhqfkZFWcwx7-JMI6A,UCSLjNuhqfkZFWcwx7-JMI6A,-15,active,0,0,0,0,6.0,42.0,False,-15: rankable_rate_low; no_upload_7d; no_ranking_30d; growth_7d_lt_10000
UC8Ewbqsldwbyn-pYtbaD1Qw,UC8Ewbqsldwbyn-pYtbaD1Qw,-15,active,0,0,0,0,6.0,42.0,False,-15: rankable_rate_low; no_upload_7d; no_ranking_30d; growth_7d_lt_10000
UCxSnmKs6HTkGceGjx1T4R-A,UCxSnmKs6HTkGceGjx1T4R-A,-15,active,0,0,0,0,6.0,42.0,False,-15: rankable_rate_low; no_upload_7d; no_ranking_30d; growth_7d_lt_10000
UCY9nZlTcnwvXdYStw-T-U-w,UCY9nZlTcnwvXdYStw-T-U-w,-15,active,0,0,0,0,6.0,42.0,False,-15: rankable_rate_low; no_upload_7d; no_ranking_30d; growth_7d_lt_10000
UCobiRetMOLHDrdLfLQzGiAw,UCobiRetMOLHDrdLfLQzGiAw,-15,active,0,0,0,0,6.0,42.0,False,-15: rankable_rate_low; no_upload_7d; no_ranking_30d; growth_7d_lt_10000
UCFUs6XM_UTRjx3pfhyZHqXQ,UCFUs6XM_UTRjx3pfhyZHqXQ,-15,active,0,0,0,0,6.0,42.0,False,-15: rankable_rate_low; no_upload_7d; no_ranking_30d; growth_7d_lt_10000
UCXm9ikYuCGkKumwdSR7Y4Hg,UCXm9ikYuCGkKumwdSR7Y4Hg,-35,active,0,0,0,0,6.0,42.0,False,-15: rankable_rate_low; -20: no_new_video_14d; no_upload_7d; no_upload_14d; no_ranking_30d; growth_7d_lt_10000; inactive_ge_14d
UCUAy59_4jUN0WGB5gLY8LBg,UCUAy59_4jUN0WGB5gLY8LBg,-35,active,0,0,0,0,6.0,42.0,False,-15: rankable_rate_low; -20: no_new_video_14d; no_upload_7d; no_upload_14d; no_ranking_30d; growth_7d_lt_10000; inactive_ge_14d
UCBzcnSgDyxBtoKnzjilAEZA,UCBzcnSgDyxBtoKnzjilAEZA,-35,active,0,0,0,0,6.0,42.0,False,-15: rankable_rate_low; -20: no_new_video_14d; no_upload_7d; no_upload_14d; no_ranking_30d; growth_7d_lt_10000; inactive_ge_14d
UCXioCZpbtMxumNhAQsdJaZQ,UCXioCZpbtMxumNhAQsdJaZQ,-35,active,0,0,0,0,6.0,42.0,False,-15: rankable_rate_low; -20: no_new_video_14d; no_upload_7d; no_upload_14d; no_ranking_30d; growth_7d_lt_10000; inactive_ge_14d
UC04hnBTovPbZ_ZkOOH7X8hQ,UC04hnBTovPbZ_ZkOOH7X8hQ,-35,active,0,0,0,0,6.0,42.0,False,-15: rankable_rate_low; -20: no_new_video_14d; no_upload_7d; no_upload_14d; no_ranking_30d; growth_7d_lt_10000; inactive_ge_14d
UChGZe32tU1ORJaX-Eyfwh9g,UChGZe32tU1ORJaX-Eyfwh9g,-35,active,0,0,0,0,6.0,42.0,False,-15: rankable_rate_low; -20: no_new_video_14d; no_upload_7d; no_upload_14d; no_ranking_30d; growth_7d_lt_10000; inactive_ge_14d
UCF5e17E0H5ml_ZM7zAkgPRw,UCF5e17E0H5ml_ZM7zAkgPRw,-35,active,0,0,0,0,6.0,42.0,False,-15: rankable_rate_low; -20: no_new_video_14d; no_upload_7d; no_upload_14d; no_ranking_30d; growth_7d_lt_10000; inactive_ge_14d
UCip-Kb51PVRTK6vRJ3aQTCA,UCip-Kb51PVRTK6vRJ3aQTCA,-35,active,0,0,0,0,6.0,42.0,False,-15: rankable_rate_low; -20: no_new_video_14d; no_upload_7d; no_upload_14d; no_ranking_30d; growth_7d_lt_10000; inactive_ge_14d
UCbpEKyohj7FokxVN3-QDhLg,UCbpEKyohj7FokxVN3-QDhLg,-35,active,0,0,0,0,6.0,42.0,False,-15: rankable_rate_low; -20: no_new_video_14d; no_upload_7d; no_upload_14d; no_ranking_30d; growth_7d_lt_10000; inactive_ge_14d
UCElYE3bfzjjmJ9xwjvro9Yw,UCElYE3bfzjjmJ9xwjvro9Yw,-35,active,0,0,0,0,6.0,42.0,False,-15: rankable_rate_low; -20: no_new_video_14d; no_upload_7d; no_upload_14d; no_ranking_30d; growth_7d_lt_10000; inactive_ge_14d
UCAZ_LA7f0sjuZ1Ni8L2uITw,UCAZ_LA7f0sjuZ1Ni8L2uITw,-35,cold,0,0,0,0,0.3333,2.3331,True,-15: rankable_rate_low; -20: no_new_video_14d; no_upload_7d; no_upload_14d; no_ranking_30d; growth_7d_lt_10000; inactive_ge_14d; observation_sufficient; refresh_delay_vs_current:+68h
UClQVSqePVeg0aX2T8PMcTQQ,UClQVSqePVeg0aX2T8PMcTQQ,-35,active,0,0,0,0,6.0,42.0,False,-15: rankable_rate_low; -20: no_new_video_14d; no_upload_7d; no_upload_14d; no_ranking_30d; growth_7d_lt_10000; inactive_ge_14d
UCRPJ1IKrssdI5eJrXmPzTNA,UCRPJ1IKrssdI5eJrXmPzTNA,-35,active,0,0,0,0,6.0,42.0,False,-15: rankable_rate_low; -20: no_new_video_14d; no_upload_7d; no_upload_14d; no_ranking_30d; growth_7d_lt_10000; inactive_ge_14d
UCuI5XaO-6VkOEhHao6ij7JA,ぶいすぽっ!,-40,active,0,0,0,0,6.0,42.0,False,-40: no_new_video_30d; no_upload_7d; no_upload_14d; no_ranking_30d; growth_7d_lt_10000; inactive_ge_14d
UC4yiPSMCYlHIEbeBbiCsOjg,Neo-Porte,-40,active,0,0,0,0,6.0,42.0,False,-40: no_new_video_30d; no_upload_7d; no_upload_14d; no_ranking_30d; growth_7d_lt_10000; inactive_ge_14d
UCKofJjNEmQ3LwERp3pRVxtw,ゆにれいど！〖公式〗異世界VTuberプロジェクト,-40,active,0,0,0,0,6.0,42.0,False,-40: no_new_video_30d; no_upload_7d; no_upload_14d; no_ranking_30d; growth_7d_lt_10000; inactive_ge_14d
